active_emergency_steps,assessment_insufficient_evidence_steps,assessment_no_candidate_steps,assessment_plan_found_steps,budget_exhausted_steps,case_comparator,cohort,controller,effective_emergency_steps,environment_seed,episode,final_active_mode,final_assessment_status,final_biosphere,final_effective_mode,final_institution,final_justice,final_pressure,final_selected_plan_mode,final_trust,first_irreversible_step,irreversible_entry,justice_floor_violation,master_seed,max_public_forecast_overshoot,max_unknown_streak,min_estimated_cr,min_justice,min_projected_boundary_margin,min_projected_final_budget,no_candidate_boundary_steps,no_candidate_braking_steps,no_candidate_budget_steps,phase,public_forecast_checked_steps,public_forecast_miss_steps,remaining_budget,requested_emergency_steps,requested_normal_steps,requested_precaution_steps,scenario,selected_plan_emergency_steps,selected_plan_normal_steps,selected_plan_precaution_steps,total_cost,trigger,true_boundary,unknown_steps
26,,,,0,,primary,reserve,22,9739973216299283601,0,2,,0.562707323,2,0.640169521,0.807560256,0.706083346,,0.989078187,-1,0,0,401,,0,-8.734587324,0.66828397,,,,,,evaluation,,,0.1996,29,34,9,baseline,,,,3.8004,reserve,1.085376579,0
67,0,66,6,23,,primary,sustained_reserve,41,9739973216299283601,0,2,no_candidate_plan_within_declared_model,0.773111519,2,0.591848284,0.951878513,0.372805813,,0.842898601,-1,0,0,401,0.04446713,0,3.867281767,0.671377532,-0.821102625,0.0,37,66,48,evaluation,71,8,0.0,70,0,2,baseline,4,0,2,4.0,sustained_reserve,1.085376579,0
50,,,,12,,primary,reserve,36,497360197865448171,1,2,,0.486922163,2,0.150862667,0.753322655,0.983265027,,0.843371241,-1,0,0,401,,0,-9.170306846,0.610618533,,,,,,evaluation,,,0.0,53,18,1,baseline,,,,4.0,reserve,1.095106971,0
67,0,68,4,23,,primary,sustained_reserve,41,497360197865448171,1,2,no_candidate_plan_within_declared_model,0.637653895,2,0.184883857,0.819461432,0.747219766,,0.772900587,-1,0,0,401,0.072678357,0,-1.839161115,0.623117061,-0.9007647,0.0,56,68,48,evaluation,71,9,0.0,70,0,2,baseline,2,0,2,4.0,sustained_reserve,1.095106971,0
21,,,,0,,primary,reserve,21,15804009067095553024,2,1,,0.539919639,0,0.631750022,0.942046976,0.700621228,,1.0,-1,0,0,401,,0,-2.691659973,0.666268948,,,,,,evaluation,,,0.1218,23,38,11,baseline,,,,3.8782,reserve,0.991186596,0
66,0,67,5,23,,primary,sustained_reserve,40,15804009067095553024,2,2,no_candidate_plan_within_declared_model,0.777202639,2,0.574039107,0.960762248,0.365966639,,0.841670838,-1,0,0,401,0.064364887,0,-2.45351883,0.667351804,-0.487237436,0.0,33,67,48,evaluation,71,9,0.0,69,0,3,baseline,2,0,3,4.0,sustained_reserve,0.991186596,0
24,,,,9,,primary,reserve,18,14732801067571324980,3,2,,0.508227005,2,0.339075597,0.548400567,0.786781118,,0.847099829,-1,0,0,401,,0,-10.364594795,0.548400567,,,,,,evaluation,,,0.0,27,22,23,baseline,,,,4.0,reserve,1.09696195,0
68,0,66,6,23,,primary,sustained_reserve,42,14732801067571324980,3,2,no_candidate_plan_within_declared_model,0.697114699,2,0.441820977,0.755585081,0.485950249,,0.793037711,-1,0,0,401,0.066623741,0,0.117648338,0.648931934,-0.859209453,0.0,49,65,48,evaluation,71,8,0.0,71,0,1,baseline,5,0,1,4.0,sustained_reserve,1.09696195,0
32,,,,0,,primary,reserve,28,10355017696138457399,4,2,,0.552220609,2,0.503349582,0.725253874,0.782278282,,0.946481406,-1,0,0,401,,0,-9.210876027,0.641234388,,,,,,evaluation,,,0.079,35,34,3,baseline,,,,3.921,reserve,0.941465469,0
66,0,65,7,23,,primary,sustained_reserve,40,10355017696138457399,4,2,no_candidate_plan_within_declared_model,0.751222727,2,0.460078031,0.851665368,0.470114541,,0.802785194,-1,0,0,401,0.052956967,0,-0.824558556,0.650540168,-0.768598242,0.0,38,64,48,evaluation,71,12,0.0,69,0,3,baseline,4,0,3,4.0,sustained_reserve,0.941465469,0
56,,,,18,,primary,reserve,35,13382216273069640739,5,2,,0.383941059,2,0.139214329,0.690578279,1.324424541,,0.797033561,65,1,0,401,,0,-7.538643494,0.623864197,,,,,,evaluation,,,0.0,59,10,3,baseline,,,,4.0,reserve,1.000877588,0
66,0,65,7,23,,primary,sustained_reserve,40,13382216273069640739,5,2,no_candidate_plan_within_declared_model,0.445034179,2,0.12664298,0.722979899,1.241479294,,0.753706592,66,1,0,401,0.070698149,0,-7.086376334,0.638505051,-1.914669908,0.0,65,65,48,evaluation,71,11,0.0,69,0,3,baseline,4,0,3,4.0,sustained_reserve,1.000877588,0
33,,,,6,,primary,reserve,29,8312166938144218161,6,2,,0.580508882,0,0.643635928,0.965958205,0.644777195,,0.962100668,-1,0,0,401,,0,-4.826965134,0.662137523,,,,,,evaluation,,,0.0,36,33,3,baseline,,,,4.0,reserve,1.093848442,0
67,0,66,6,23,,primary,sustained_reserve,41,8312166938144218161,6,2,no_candidate_plan_within_declared_model,0.753404772,2,0.578215025,0.959560771,0.406372046,,0.8363948,-1,0,0,401,0.049724143,0,-1.23764389,0.662137523,-0.641000173,0.0,33,65,48,evaluation,71,12,0.0,70,0,2,baseline,4,0,2,4.0,sustained_reserve,1.093848442,0
27,,,,2,,primary,reserve,22,3962705183372991719,7,2,,0.514178875,2,0.445996102,0.692607895,0.738512919,,0.9340831,-1,0,0,401,,0,-9.475332532,0.635449599,,,,,,evaluation,,,0.0,30,27,15,baseline,,,,4.0,reserve,1.077043482,0
65,0,63,9,23,,primary,sustained_reserve,39,3962705183372991719,7,2,no_candidate_plan_within_declared_model,0.715464714,2,0.44859088,0.841736211,0.44125864,,0.775351104,-1,0,0,401,0.081628491,0,3.636320589,0.654718293,-0.702065289,0.0,34,63,48,evaluation,71,12,0.0,68,0,4,baseline,5,0,4,4.0,sustained_reserve,1.077043482,0
36,,,,7,,primary,reserve,26,466494984581002872,8,2,,0.408403859,2,0.351370226,0.692849988,1.046860076,,0.883543418,71,1,0,401,,0,-7.0,0.612054059,,,,,,evaluation,,,0.0,39,26,7,baseline,,,,4.0,reserve,1.030349678,0
65,0,67,5,23,,primary,sustained_reserve,39,466494984581002872,8,2,no_candidate_plan_within_declared_model,0.637368204,2,0.426705716,0.845204112,0.714134792,,0.806796972,-1,0,0,401,0.036393099,0,3.016217724,0.661415311,-0.844503316,0.0,46,67,48,evaluation,71,6,0.0,68,1,3,baseline,1,1,3,4.0,sustained_reserve,1.030349678,0
27,,,,6,,primary,reserve,21,688483036858962540,9,2,,0.505382492,2,0.409085477,0.75736578,0.831028516,,0.914656138,-1,0,0,401,,0,-6.849397321,0.649898631,,,,,,evaluation,,,0.0,30,27,15,baseline,,,,4.0,reserve,0.956910535,0
68,0,69,3,23,,primary,sustained_reserve,42,688483036858962540,9,2,no_candidate_plan_within_declared_model,0.666324566,2,0.412839837,0.881813085,0.594422858,,0.786554588,-1,0,0,401,0.067007285,0,-1.414644025,0.652464543,-1.039232499,0.0,42,68,48,evaluation,71,13,0.0,71,0,1,baseline,2,0,1,4.0,sustained_reserve,0.956910535,0
36,,,,1,,primary,reserve,32,14845051279084890245,10,2,,0.537554559,2,0.650741619,0.939036987,0.750937748,,0.994620008,-1,0,0,401,,0,-10.629159187,0.667741599,,,,,,evaluation,,,0.0,39,32,1,baseline,,,,4.0,reserve,0.88990451,0
67,0,68,4,23,,primary,sustained_reserve,41,14845051279084890245,10,2,no_candidate_plan_within_declared_model,0.756637548,2,0.575897321,0.965051443,0.418517077,,0.835570062,-1,0,0,401,0.060803541,0,-3.316370763,0.668452244,-0.877705139,0.0,37,67,48,evaluation,71,12,0.0,70,0,2,baseline,2,0,2,4.0,sustained_reserve,0.88990451,0
19,,,,0,,primary,reserve,15,15323987392304269192,11,2,,0.481585488,0,0.556719017,0.81244807,0.744005905,,0.963813016,-1,0,0,401,,0,-9.035712007,0.665699874,,,,,,evaluation,,,0.1624,21,32,19,baseline,,,,3.8376,reserve,1.080590093,0
67,0,69,3,23,,primary,sustained_reserve,41,15323987392304269192,11,2,no_candidate_plan_within_declared_model,0.735477108,2,0.557932236,0.955219733,0.401430551,,0.816425169,-1,0,0,401,0.046143562,0,1.639137568,0.667272528,-0.511317802,0.0,29,69,48,evaluation,71,6,0.0,70,0,2,baseline,1,0,2,4.0,sustained_reserve,1.080590093,0
30,,,,5,,primary,reserve,27,10183718752960407178,12,2,,0.529700777,0,0.570709389,0.793952237,0.725862289,,0.964468486,-1,0,0,401,,0,-5.927319168,0.656454664,,,,,,evaluation,,,0.0,33,31,8,baseline,,,,4.0,reserve,0.936249816,0
66,0,65,7,23,,primary,sustained_reserve,40,10183718752960407178,12,2,no_candidate_plan_within_declared_model,0.733137634,2,0.563211358,0.926780148,0.44339456,,0.819287199,-1,0,0,401,0.058663443,0,1.138370369,0.665735447,-0.692367773,0.0,39,65,48,evaluation,71,5,0.0,69,0,3,baseline,4,0,3,4.0,sustained_reserve,0.936249816,0
20,,,,3,,primary,reserve,14,3094801267066550008,13,2,,0.472297918,2,0.277090619,0.605483672,0.979308819,,0.834262803,71,1,0,401,,0,-12.021359028,0.581343836,,,,,,evaluation,,,0.0,23,23,26,baseline,,,,4.0,reserve,0.948726068,0
67,0,66,6,23,,primary,sustained_reserve,41,3094801267066550008,13,2,no_candidate_plan_within_declared_model,0.710995361,2,0.415210733,0.844771387,0.594270038,,0.788167896,-1,0,0,401,0.062079984,0,0.831727192,0.655572388,-0.924199171,0.0,42,65,48,evaluation,71,11,0.0,70,0,2,baseline,4,0,2,4.0,sustained_reserve,0.948726068,0
43,,,,7,,primary,reserve,33,11517108206777865013,14,2,,0.3722056,2,0.12027678,0.682923912,1.379321107,,0.801476235,59,1,0,401,,0,-13.0,0.58327018,,,,,,evaluation,,,0.0,46,24,2,baseline,,,,4.0,reserve,0.944440005,0
65,0,66,6,23,,primary,sustained_reserve,39,11517108206777865013,14,2,no_candidate_plan_within_declared_model,0.547549345,2,0.034645954,0.697078116,0.991957746,,0.690616374,68,1,0,401,0.05549857,0,4.034423552,0.618007618,-1.470488268,0.0,52,65,48,evaluation,71,11,0.0,68,0,4,baseline,2,0,4,4.0,sustained_reserve,0.944440005,0
28,,,,4,,primary,reserve,21,18309698995908524757,15,2,,0.456703064,2,0.346584183,0.771596544,0.952160808,,0.896976101,-1,0,0,401,,0,-13.0,0.650340946,,,,,,evaluation,,,0.0,31,22,19,baseline,,,,4.0,reserve,1.115839898,0
67,0,67,5,23,,primary,sustained_reserve,41,18309698995908524757,15,2,no_candidate_plan_within_declared_model,0.654585403,2,0.382436879,0.924177982,0.625679516,,0.788623457,-1,0,0,401,0.076557358,0,-1.672422038,0.650413016,-0.804455712,0.0,47,67,48,evaluation,71,7,0.0,70,0,2,baseline,3,0,2,4.0,sustained_reserve,1.115839898,0
36,,,,8,,primary,reserve,30,14507246535438184655,0,2,,0.533775339,2,0.485381012,0.918841645,0.832227777,,0.938967554,-1,0,0,503,,0,-9.846713543,0.663859291,,,,,,evaluation,,,0.0,39,29,4,baseline,,,,4.0,reserve,0.995031341,0
68,0,68,4,23,,primary,sustained_reserve,42,14507246535438184655,0,2,no_candidate_plan_within_declared_model,0.719460223,2,0.481425891,0.937559056,0.550626023,,0.79009363,-1,0,0,503,0.092765733,0,-1.022324541,0.66501214,-1.06866934,0.0,46,66,48,evaluation,71,8,0.0,71,0,1,baseline,3,0,1,4.0,sustained_reserve,0.995031341,0
26,,,,0,,primary,reserve,22,7502164766355850473,1,2,,0.514572518,2,0.606195871,0.866669218,0.741802333,,1.0,-1,0,0,503,,0,-9.697559114,0.671847302,,,,,,evaluation,,,0.1314,29,30,13,baseline,,,,3.8686,reserve,0.917809527,0
68,0,66,6,23,,primary,sustained_reserve,42,7502164766355850473,1,2,no_candidate_plan_within_declared_model,0.774613206,2,0.583121648,0.968635789,0.39628308,,0.840915833,-1,0,0,503,0.067316547,0,1.17132152,0.671847302,-0.622429496,0.0,35,65,48,evaluation,71,6,0.0,71,0,1,baseline,5,0,1,4.0,sustained_reserve,0.917809527,0
36,,,,7,,primary,reserve,28,1392972506535981944,2,2,,0.437704522,0,0.36508229,0.835920532,0.849907572,,0.924118056,-1,0,0,503,,0,-10.290027655,0.617582034,,,,,,evaluation,,,0.0,39,24,9,baseline,,,,4.0,reserve,0.892003597,0
66,0,65,7,23,,primary,sustained_reserve,40,1392972506535981944,2,2,no_candidate_plan_within_declared_model,0.685671224,2,0.405485743,0.926981676,0.479396294,,0.790614396,-1,0,0,503,0.079332019,0,3.474066657,0.647066562,-0.794811905,0.0,37,65,48,evaluation,71,9,0.0,69,0,3,baseline,4,0,3,4.0,sustained_reserve,0.892003597,0
31,,,,3,,primary,reserve,27,16650437693641795717,3,2,,0.570229118,0,0.27123341,0.926345889,0.769161828,,0.913468729,-1,0,0,503,,0,-7.430997698,0.624002893,,,,,,evaluation,,,0.0,34,32,6,baseline,,,,4.0,reserve,1.104189257,0
67,0,67,5,23,,primary,sustained_reserve,41,16650437693641795717,3,2,no_candidate_plan_within_declared_model,0.738440312,2,0.135600691,0.854035055,0.52945624,,0.718639018,-1,0,0,503,0.088065816,0,-3.615005187,0.623727956,-0.805961291,0.0,39,67,48,evaluation,71,9,0.0,70,0,2,baseline,3,0,2,4.0,sustained_reserve,1.104189257,0
30,,,,4,,primary,reserve,23,15260285073911315825,4,2,,0.423605512,2,0.232926739,0.621759097,0.9785671,,0.835065585,-1,0,0,503,,0,-12.757618099,0.582099193,,,,,,evaluation,,,0.0,33,24,15,baseline,,,,4.0,reserve,1.010323814,0
68,0,69,3,23,,primary,sustained_reserve,42,15260285073911315825,4,2,no_candidate_plan_within_declared_model,0.664964298,2,0.33519034,0.793291752,0.585535578,,0.784077341,-1,0,0,503,0.060705153,0,0.274053165,0.648183631,-0.90047405,0.0,44,69,48,evaluation,71,10,0.0,71,0,1,baseline,2,0,1,4.0,sustained_reserve,1.010323814,0
50,,,,10,,primary,reserve,37,9033986013164043777,5,2,,0.399923544,2,0.104452316,0.84412684,1.219322623,,0.821540138,67,1,0,503,,0,-11.719108492,0.629832694,,,,,,evaluation,,,0.0,53,19,0,baseline,,,,4.0,reserve,1.011195509,0
65,0,67,5,23,,primary,sustained_reserve,39,9033986013164043777,5,2,no_candidate_plan_within_declared_model,0.596508975,2,0.150080938,0.867129856,0.832937988,,0.723747414,-1,0,0,503,0.109403648,0,-4.163733712,0.648974946,-1.394980492,0.0,54,67,48,evaluation,71,11,0.0,68,0,4,baseline,1,0,4,4.0,sustained_reserve,1.011195509,0
32,,,,3,,primary,reserve,26,11635626335846214484,6,2,,0.42826621,2,0.38400547,0.6770814,0.956923472,,0.901706433,-1,0,0,503,,0,-12.0,0.619978747,,,,,,evaluation,,,0.0,35,29,8,baseline,,,,4.0,reserve,1.016079949,0
68,0,66,6,23,,primary,sustained_reserve,42,11635626335846214484,6,2,no_candidate_plan_within_declared_model,0.674060349,2,0.4299365,0.843311114,0.560373367,,0.817672999,-1,0,0,503,0.146482166,0,4.145638827,0.659260934,-1.107061588,0.0,39,64,48,evaluation,71,7,0.0,71,0,1,baseline,5,0,1,4.0,sustained_reserve,1.016079949,0
48,,,,10,,primary,reserve,35,13525149703185477343,7,2,,0.401087128,2,0.0,0.51588166,1.645353804,,0.5620969,47,1,0,503,,0,-12.0,0.504220549,,,,,,evaluation,,,0.0,51,18,3,baseline,,,,4.0,reserve,1.07806954,0
68,0,67,5,23,,primary,sustained_reserve,42,13525149703185477343,7,2,no_candidate_plan_within_declared_model,0.638873702,2,0.0,0.589649085,0.839723954,,0.572601472,-1,0,0,503,0.043539217,0,-0.184648006,0.577961716,-1.007155992,0.0,54,67,48,evaluation,71,6,0.0,71,0,1,baseline,4,0,1,4.0,sustained_reserve,1.07806954,0
42,,,,8,,primary,reserve,33,17705892780363619842,8,2,,0.477232766,2,0.485070668,0.878926288,0.925186114,,0.938120028,-1,0,0,503,,0,-8.640946847,0.64927587,,,,,,evaluation,,,0.0,45,27,0,baseline,,,,4.0,reserve,1.043164934,0
68,0,69,3,23,,primary,sustained_reserve,42,17705892780363619842,8,2,no_candidate_plan_within_declared_model,0.685856724,2,0.48708147,0.944874607,0.628618072,,0.808706843,-1,0,0,503,0.038487844,0,-1.165232039,0.658409197,-0.782818536,0.0,49,68,48,evaluation,71,8,0.0,71,0,1,baseline,2,0,1,4.0,sustained_reserve,1.043164934,0
34,,,,7,,primary,reserve,24,12589318634424385521,9,2,,0.465951126,2,0.147689734,0.629369993,1.061639735,,0.802182655,67,1,0,503,,0,-11.0,0.59801055,,,,,,evaluation,,,0.0,37,21,14,baseline,,,,4.0,reserve,0.880743217,0
68,0,66,6,23,,primary,sustained_reserve,42,12589318634424385521,9,2,no_candidate_plan_within_declared_model,0.68602714,2,0.291411246,0.823610492,0.611616871,,0.756045045,-1,0,0,503,0.103149107,0,-2.904401697,0.635359213,-1.003899647,0.0,49,65,48,evaluation,71,10,0.0,71,0,1,baseline,5,0,1,4.0,sustained_reserve,0.880743217,0
43,,,,10,,primary,reserve,30,4053438918554722444,10,2,,0.392095798,2,0.271811064,0.829432542,1.139316006,,0.868498065,68,1,0,503,,0,-10.986512107,0.642318762,,,,,,evaluation,,,0.0,46,19,7,baseline,,,,4.0,reserve,0.997987742,0
68,0,66,6,23,,primary,sustained_reserve,42,4053438918554722444,10,2,no_candidate_plan_within_declared_model,0.59796246,2,0.327721309,0.91967031,0.761867306,,0.772829672,-1,0,0,503,0.057805009,0,2.997343794,0.648278407,-1.042256081,0.0,49,65,48,evaluation,71,11,0.0,71,0,1,baseline,5,0,1,4.0,sustained_reserve,0.997987742,0
40,,,,8,,primary,reserve,33,17731734540527883231,11,2,,0.443377975,2,0.430520765,0.895734168,0.906821155,,0.942429933,-1,0,0,503,,0,-9.252053948,0.648428074,,,,,,evaluation,,,0.0,43,29,0,baseline,,,,4.0,reserve,0.978452915,0
67,0,66,6,23,,primary,sustained_reserve,41,17731734540527883231,11,2,no_candidate_plan_within_declared_model,0.640690444,2,0.401106272,0.934394973,0.635537255,,0.805618737,-1,0,0,503,0.104019398,0,-5.957715195,0.657245,-0.799805403,0.0,47,66,48,evaluation,71,7,0.0,70,0,2,baseline,4,0,2,4.0,sustained_reserve,0.978452915,0
46,,,,11,,primary,reserve,32,10779228214608787929,12,2,,0.402016618,2,0.0,0.581072543,1.422549959,,0.690414898,60,1,0,503,,0,-12.0,0.554029826,,,,,,evaluation,,,0.0,49,17,6,baseline,,,,4.0,reserve,1.103951062,0
67,0,68,4,23,,primary,sustained_reserve,41,10779228214608787929,12,2,no_candidate_plan_within_declared_model,0.60249025,2,0.0,0.652442549,0.897559699,,0.710475337,71,1,0,503,0.089914609,0,1.690730606,0.628235252,-1.199935198,0.0,52,68,48,evaluation,71,14,0.0,70,0,2,baseline,2,0,2,4.0,sustained_reserve,1.103951062,0
52,,,,13,,primary,reserve,36,160552893719091600,13,2,,0.399796009,2,0.280492678,0.705309134,1.24779833,,0.816495336,65,1,0,503,,0,-11.792094054,0.633467837,,,,,,evaluation,,,0.0,55,15,2,baseline,,,,4.0,reserve,0.944708408,0
66,0,67,5,23,,primary,sustained_reserve,40,160552893719091600,13,2,no_candidate_plan_within_declared_model,0.531410983,2,0.290389524,0.767267238,0.94973327,,0.752028173,71,1,0,503,0.038054338,0,-3.872037596,0.6488936,-1.432408252,0.0,64,67,48,evaluation,71,9,0.0,69,0,3,baseline,2,0,3,4.0,sustained_reserve,0.944708408,0
31,,,,5,,primary,reserve,29,11556184036138153309,14,2,,0.542011941,0,0.5043815,0.908672589,0.677619617,,0.962898039,-1,0,0,503,,0,-7.517826659,0.645518037,,,,,,evaluation,,,0.0,34,34,4,baseline,,,,4.0,reserve,0.996827895,0
68,0,66,6,23,,primary,sustained_reserve,42,11556184036138153309,14,2,no_candidate_plan_within_declared_model,0.773319935,2,0.469087248,0.91390602,0.434196423,,0.787517781,-1,0,0,503,0.059801546,0,7.442653213,0.662930287,-0.684489352,0.0,31,64,48,evaluation,71,9,0.0,71,0,1,baseline,5,0,1,4.0,sustained_reserve,0.996827895,0
51,,,,13,,primary,reserve,35,17859448831562131230,15,2,,0.305639788,2,0.0,0.535588163,1.811395645,,0.587203201,42,1,0,503,,0,-12.0,0.535588163,,,,,,evaluation,,,0.0,54,14,4,baseline,,,,4.0,reserve,0.961763292,0
68,0,68,4,23,,primary,sustained_reserve,42,17859448831562131230,15,2,no_candidate_plan_within_declared_model,0.565240253,2,0.0,0.652595981,0.930544026,,0.632613912,68,1,0,503,0.060901004,0,-2.575214151,0.611427578,-1.42129299,0.0,57,67,48,evaluation,71,13,0.0,71,0,1,baseline,3,0,1,4.0,sustained_reserve,0.961763292,0
33,,,,11,,primary,reserve,25,16519582356538312397,0,2,,0.459139355,2,0.355164567,0.767180544,0.948168758,,0.894703185,-1,0,0,607,,0,-11.322791859,0.650279871,,,,,,evaluation,,,0.0,36,21,15,baseline,,,,4.0,reserve,0.968238088,0
67,0,69,3,23,,primary,sustained_reserve,41,16519582356538312397,0,2,no_candidate_plan_within_declared_model,0.664465716,2,0.43458273,0.890362564,0.626516479,,0.78841428,-1,0,0,607,0.046180778,0,-3.078808583,0.651592282,-0.974869376,0.0,50,69,48,evaluation,71,12,0.0,70,0,2,baseline,1,0,2,4.0,sustained_reserve,0.968238088,0
27,,,,0,,primary,reserve,23,15014598973633559170,1,2,,0.528248653,2,0.378725128,0.699458639,0.819023878,,0.898728167,-1,0,0,607,,0,-12.113203919,0.614176049,,,,,,evaluation,,,0.0648,30,31,11,baseline,,,,3.9352,reserve,1.005950372,0
66,0,65,7,23,,primary,sustained_reserve,40,15014598973633559170,1,2,no_candidate_plan_within_declared_model,0.788567685,2,0.390211834,0.847426854,0.4233428,,0.738861352,-1,0,0,607,0.057822342,0,-0.344262007,0.65022307,-0.63999933,0.0,33,64,48,evaluation,71,7,0.0,69,0,3,baseline,4,0,3,4.0,sustained_reserve,1.005950372,0
50,,,,12,,primary,reserve,35,14352298113746820703,2,2,,0.369145425,2,0.2836087,0.73116171,1.192300066,,0.873906624,66,1,0,607,,0,-11.212680946,0.639628813,,,,,,evaluation,,,0.0,53,17,2,baseline,,,,4.0,reserve,0.962696493,0
67,0,70,2,23,,primary,sustained_reserve,41,14352298113746820703,2,2,no_candidate_plan_within_declared_model,0.523082897,2,0.301805237,0.798525606,0.86979074,,0.781488844,-1,0,0,607,0.051510883,0,-1.559492378,0.64491947,-1.371747664,0.0,55,70,48,evaluation,71,10,0.0,70,0,2,baseline,0,0,2,4.0,sustained_reserve,0.962696493,0
45,,,,12,,primary,reserve,30,4632938823472088820,3,2,,0.350381364,2,0.205147078,0.760077569,1.29408944,,0.821850583,65,1,0,607,,0,-9.394493878,0.643122498,,,,,,evaluation,,,0.0,48,15,9,baseline,,,,4.0,reserve,1.020617821,0
68,0,69,3,23,,primary,sustained_reserve,42,4632938823472088820,3,2,no_candidate_plan_within_declared_model,0.494307288,2,0.248928805,0.844154433,0.960024099,,0.75221674,-1,0,0,607,0.066283571,0,0.312499291,0.649837086,-1.523772743,0.0,59,69,48,evaluation,71,4,0.0,71,0,1,baseline,2,0,1,4.0,sustained_reserve,1.020617821,0
37,,,,8,,primary,reserve,32,2287919376212702517,4,2,,0.499974098,2,0.255932886,0.705169768,0.87834669,,0.866895023,-1,0,0,607,,0,-7.726078397,0.614079348,,,,,,evaluation,,,0.0,40,31,1,baseline,,,,4.0,reserve,1.049919937,0
68,0,65,7,23,,primary,sustained_reserve,42,2287919376212702517,4,2,no_candidate_plan_within_declared_model,0.699689026,2,0.285568153,0.794408853,0.578740028,,0.751262208,-1,0,0,607,0.037391243,0,-2.694420158,0.635235224,-0.868334525,0.0,46,64,48,evaluation,71,6,0.0,71,0,1,baseline,6,0,1,4.0,sustained_reserve,1.049919937,0
19,,,,3,,primary,reserve,19,12382382542312678492,5,0,,0.524584458,1,0.449876309,0.741831112,0.755534504,,0.947455377,-1,0,0,607,,0,-9.49932157,0.61451096,,,,,,evaluation,,,0.0,22,29,21,baseline,,,,4.0,reserve,0.978622796,0
67,0,67,5,23,,primary,sustained_reserve,41,12382382542312678492,5,2,no_candidate_plan_within_declared_model,0.761976134,2,0.458939599,0.896766184,0.443710571,,0.81669309,-1,0,0,607,0.034501178,0,4.310365063,0.657881591,-0.844657381,0.0,35,67,48,evaluation,71,10,0.0,70,0,2,baseline,3,0,2,4.0,sustained_reserve,0.978622796,0
29,,,,0,,primary,reserve,26,4428411888319307125,6,2,,0.529360376,1,0.641739162,0.949605354,0.705434972,,1.0,-1,0,0,607,,0,-8.521508781,0.671635433,,,,,,evaluation,,,0.2406,31,39,2,baseline,,,,3.7594,reserve,0.956763566,0
67,0,67,5,23,,primary,sustained_reserve,41,4428411888319307125,6,2,no_candidate_plan_within_declared_model,0.785985289,2,0.598751536,0.961954103,0.38259434,,0.828158397,-1,0,0,607,0.108342763,0,5.383053524,0.671635433,-0.542868369,0.0,29,67,48,evaluation,71,10,0.0,70,0,2,baseline,3,0,2,4.0,sustained_reserve,0.956763566,0
34,,,,2,,primary,reserve,29,3523441179529093915,7,2,,0.535515602,2,0.597933134,0.997284418,0.771172658,,0.992572375,-1,0,0,607,,0,-11.0,0.668631871,,,,,,evaluation,,,0.0,37,31,4,baseline,,,,4.0,reserve,1.041732553,0
66,0,66,6,23,,primary,sustained_reserve,40,3523441179529093915,7,2,no_candidate_plan_within_declared_model,0.73515457,2,0.506197339,0.948797766,0.471766219,,0.82717338,-1,0,0,607,0.055024111,0,-0.497860111,0.671441271,-0.641940535,0.0,49,66,48,evaluation,71,6,0.0,69,0,3,baseline,3,0,3,4.0,sustained_reserve,1.041732553,0
51,,,,17,,primary,reserve,31,17695181745786663424,8,2,,0.350666003,2,0.230936301,0.733613413,1.327265683,,0.799385661,63,1,0,607,,0,-9.289352846,0.647924077,,,,,,evaluation,,,0.0,54,9,9,baseline,,,,4.0,reserve,0.949877735,0
68,0,70,2,23,,primary,sustained_reserve,42,17695181745786663424,8,2,no_candidate_plan_within_declared_model,0.475525319,2,0.326191306,0.854937286,0.967761739,,0.764314179,71,1,0,607,0.073069382,0,-7.892583193,0.650038903,-1.412490779,0.0,63,70,48,evaluation,71,11,0.0,71,0,1,baseline,1,0,1,4.0,sustained_reserve,0.949877735,0
56,,,,18,,primary,reserve,35,14721617548725135238,9,2,,0.3036444,2,0.0,0.419096225,1.870991876,,0.352827234,44,1,0,607,,0,-7.0,0.419096225,,,,,,evaluation,,,0.0,59,11,2,baseline,,,,4.0,reserve,0.967142255,0
65,0,66,6,23,,primary,sustained_reserve,39,14721617548725135238,9,2,no_candidate_plan_within_declared_model,0.495726975,2,0.0,0.548533789,1.282534396,,0.467840228,61,1,0,607,0.074316412,0,-6.464989094,0.548533789,-1.878215023,0.0,62,66,48,evaluation,71,11,0.0,68,0,4,baseline,2,0,4,4.0,sustained_reserve,0.967142255,0
36,,,,4,,primary,reserve,29,17510369190986973238,10,2,,0.586758908,2,0.585062472,0.881073073,0.738784291,,0.960801649,-1,0,0,607,,0,-7.347109944,0.654026923,,,,,,evaluation,,,0.0,39,31,2,baseline,,,,4.0,reserve,1.040265661,0
67,0,68,4,23,,primary,sustained_reserve,41,17510369190986973238,10,2,no_candidate_plan_within_declared_model,0.771871766,2,0.520088426,0.945397756,0.457712432,,0.785810882,-1,0,0,607,0.06360128,0,-0.842476404,0.660018221,-0.703174874,0.0,40,68,48,evaluation,71,9,0.0,70,0,2,baseline,2,0,2,4.0,sustained_reserve,1.040265661,0
34,,,,10,,primary,reserve,27,6576852216492918907,11,2,,0.480801925,2,0.058226947,0.635278125,0.941614005,,0.75538155,70,1,0,607,,0,-10.869876155,0.595668094,,,,,,evaluation,,,0.0,37,23,12,baseline,,,,4.0,reserve,1.03851423,0
68,0,68,4,23,,primary,sustained_reserve,42,6576852216492918907,11,2,no_candidate_plan_within_declared_model,0.635732537,2,0.118491939,0.741010541,0.677537934,,0.704173327,-1,0,0,607,0.085287715,0,-1.487278032,0.621538155,-1.003720743,0.0,50,68,48,evaluation,71,11,0.0,71,0,1,baseline,3,0,1,4.0,sustained_reserve,1.03851423,0
33,,,,2,,primary,reserve,28,14214392750224757803,12,2,,0.566804983,2,0.314691824,0.740588893,0.733592223,,0.888615084,-1,0,0,607,,0,-9.102307445,0.639356927,,,,,,evaluation,,,0.0,36,30,6,baseline,,,,4.0,reserve,1.06525873,0
67,0,67,5,23,,primary,sustained_reserve,41,14214392750224757803,12,2,no_candidate_plan_within_declared_model,0.767083817,2,0.324684156,0.870476464,0.402361965,,0.780981959,-1,0,0,607,0.053796237,0,-1.700003492,0.653047865,-0.666679178,0.0,47,67,48,evaluation,71,10,0.0,70,0,2,baseline,3,0,2,4.0,sustained_reserve,1.06525873,0
33,,,,2,,primary,reserve,29,17711000375883169700,13,0,,0.487934978,2,0.532034827,0.70607121,0.816503261,,0.972495423,-1,0,0,607,,0,-10.107188079,0.619895971,,,,,,evaluation,,,0.0,35,30,7,baseline,,,,4.0,reserve,1.018857442,0
66,0,66,6,23,,primary,sustained_reserve,40,17711000375883169700,13,2,no_candidate_plan_within_declared_model,0.769758579,2,0.558496092,0.855576143,0.429956924,,0.815422712,-1,0,0,607,0.035345435,0,3.976333326,0.663787231,-0.640154366,0.0,30,66,48,evaluation,71,8,0.0,69,0,3,baseline,3,0,3,4.0,sustained_reserve,1.018857442,0
52,,,,12,,primary,reserve,37,9089680143257946982,14,2,,0.459909186,2,0.363014301,0.847793912,1.01858823,,0.897836856,70,1,0,607,,0,-9.572506843,0.657634139,,,,,,evaluation,,,0.0,55,17,0,baseline,,,,4.0,reserve,0.955797969,0
68,0,68,4,23,,primary,sustained_reserve,42,9089680143257946982,14,2,no_candidate_plan_within_declared_model,0.587172642,2,0.360091325,0.904926444,0.815417449,,0.789159501,-1,0,0,607,0.063740186,0,-3.181812243,0.660097576,-1.291753256,0.0,61,68,48,evaluation,71,10,0.0,71,0,1,baseline,3,0,1,4.0,sustained_reserve,0.955797969,0
36,,,,5,,primary,reserve,28,8841990479080573860,15,2,,0.405243125,2,0.368520109,0.862768271,0.978846367,,0.930276116,-1,0,0,607,,0,-9.645047158,0.637164645,,,,,,evaluation,,,0.0,39,27,6,baseline,,,,4.0,reserve,0.998890243,0
67,0,68,4,23,,primary,sustained_reserve,41,8841990479080573860,15,2,no_candidate_plan_within_declared_model,0.575718698,2,0.319192923,0.91908025,0.744526628,,0.8041054,-1,0,0,607,0.09603292,0,3.7585763,0.652073266,-0.84962102,0.0,47,67,48,evaluation,71,8,0.0,70,0,2,baseline,2,0,2,4.0,sustained_reserve,0.998890243,0
61,,,,2,,primary,reserve,40,9739973216299283601,0,2,,0.468757344,2,0.534304773,0.943002063,0.732519375,,0.991321923,-1,0,0,401,,0,-36.0,0.634156996,,,,,,evaluation,,,0.0,71,1,0,long_delays,,,,4.0,reserve,1.085376579,0
62,0,72,0,3,,primary,sustained_reserve,40,9739973216299283601,0,2,no_candidate_plan_within_declared_model,0.483596589,2,0.540089612,0.948580653,0.708043476,,0.9879922,-1,0,0,401,0.043588704,0,-36.0,0.634677727,-1.279649836,0.0,69,67,28,evaluation,71,8,0.0,72,0,0,long_delays,0,0,0,4.0,sustained_reserve,1.085376579,0
60,,,,1,,primary,reserve,40,497360197865448171,1,2,,0.246073071,2,0.158797534,0.837254686,1.826988503,,0.903686436,36,1,0,401,,0,-36.0,0.515914778,,,,,,evaluation,,,0.0,70,2,0,long_delays,,,,4.0,reserve,1.095106971,0
62,0,72,0,3,,primary,sustained_reserve,40,497360197865448171,1,2,no_candidate_plan_within_declared_model,0.302442721,2,0.116513118,0.822581441,1.620022971,,0.883319701,47,1,0,401,0.080181795,0,-36.0,0.519838058,-2.632198154,0.0,69,69,28,evaluation,71,10,0.0,72,0,0,long_delays,0,0,0,4.0,sustained_reserve,1.095106971,0
59,,,,1,,primary,reserve,39,15804009067095553024,2,2,,0.440959103,2,0.503432344,1.0,0.754033363,,1.0,-1,0,0,401,,0,-36.0,0.632572704,,,,,,evaluation,,,0.0,69,3,0,long_delays,,,,4.0,reserve,0.991186596,0
62,0,71,1,3,,primary,sustained_reserve,40,15804009067095553024,2,2,no_candidate_plan_within_declared_model,0.478481203,2,0.515779347,0.996711405,0.69775673,,0.989124456,-1,0,0,401,0.064364887,0,-36.0,0.632572704,-1.322574465,0.0,66,66,28,evaluation,71,9,0.0,72,0,0,long_delays,1,0,0,4.0,sustained_reserve,0.991186596,0
61,,,,2,,primary,reserve,40,14732801067571324980,3,2,,0.37543945,2,0.313652479,0.718083166,0.910287451,,0.906431636,-1,0,0,401,,0,-36.32898309,0.579215172,,,,,,evaluation,,,0.0,71,1,0,long_delays,,,,4.0,reserve,1.09696195,0
62,0,70,2,3,,primary,sustained_reserve,40,14732801067571324980,3,2,no_candidate_plan_within_declared_model,0.383131375,2,0.317105575,0.722713937,0.901701475,,0.905067043,-1,0,0,401,0.041344358,0,-36.32898309,0.582026882,-1.662684036,0.0,70,66,28,evaluation,71,11,0.0,72,0,0,long_delays,2,0,0,4.0,sustained_reserve,1.09696195,0
59,,,,1,,primary,reserve,39,10355017696138457399,4,2,,0.282396613,2,0.365809396,0.829238715,1.705301189,,0.953828009,32,1,0,401,,0,-36.0,0.581373665,,,,,,evaluation,,,0.0,69,3,0,long_delays,,,,4.0,reserve,0.941465469,0
62,0,70,2,3,,primary,sustained_reserve,40,10355017696138457399,4,2,no_candidate_plan_within_declared_model,0.44287027,2,0.364819017,0.829773366,0.863207238,,0.953380565,-1,0,0,401,0.059275474,0,-36.0,0.590956919,-1.492612187,0.0,65,64,28,evaluation,71,9,0.0,72,0,0,long_delays,2,0,0,4.0,sustained_reserve,0.941465469,0
59,,,,1,,primary,reserve,39,13382216273069640739,5,2,,0.090099681,2,0.13591537,0.754841995,2.193126519,,0.849663103,29,1,0,401,,0,-37.0,0.539014095,,,,,,evaluation,,,0.0,69,3,0,long_delays,,,,4.0,reserve,1.000877588,0
62,0,72,0,3,,primary,sustained_reserve,40,13382216273069640739,5,2,no_candidate_plan_within_declared_model,0.100519863,2,0.108949023,0.745446285,2.198260433,,0.833258377,29,1,0,401,0.070942324,0,-37.0,0.546556546,-3.621388178,0.0,68,71,28,evaluation,71,6,0.0,72,0,0,long_delays,0,0,0,4.0,sustained_reserve,1.000877588,0
60,,,,1,,primary,reserve,40,8312166938144218161,6,2,,0.438753947,2,0.533804974,1.0,0.76620365,,0.998098574,-1,0,0,401,,0,-36.0,0.641256658,,,,,,evaluation,,,0.0,70,2,0,long_delays,,,,4.0,reserve,1.093848442,0
62,0,71,1,3,,primary,sustained_reserve,40,8312166938144218161,6,2,no_candidate_plan_within_declared_model,0.459599309,2,0.539363214,0.999488478,0.736919495,,0.989520472,-1,0,0,401,0.064375209,0,-36.0,0.641256658,-1.40497248,0.0,65,67,28,evaluation,71,9,0.0,72,0,0,long_delays,1,0,0,4.0,sustained_reserve,1.093848442,0
59,,,,1,,primary,reserve,39,3962705183372991719,7,2,,0.396692836,2,0.346906779,0.818234183,0.839277226,,0.953937222,-1,0,0,401,,0,-36.0,0.587331554,,,,,,evaluation,,,0.0,69,3,0,long_delays,,,,4.0,reserve,1.077043482,0
62,0,66,6,3,,primary,sustained_reserve,40,3962705183372991719,7,2,no_candidate_plan_within_declared_model,0.4294784,2,0.362770232,0.826743375,0.788742956,,0.959147658,-1,0,0,401,0.102246054,0,-35.357188945,0.5943462,-1.604197839,0.0,61,64,28,evaluation,71,12,0.0,72,0,0,long_delays,6,0,0,4.0,sustained_reserve,1.077043482,0
58,,,,0,,primary,reserve,38,466494984581002872,8,2,,0.202422582,2,0.33475575,0.824959637,1.866487274,,0.928713279,34,1,0,401,,0,-36.0,0.596184403,,,,,,evaluation,,,0.0646,68,4,0,long_delays,,,,3.9354,reserve,1.030349678,0
61,0,71,1,2,,primary,sustained_reserve,40,466494984581002872,8,2,no_candidate_plan_within_declared_model,0.332373376,2,0.33664583,0.825151056,1.317390776,,0.941024462,59,1,0,401,0.036393099,0,-36.0,0.60132175,-2.160587411,0.0,67,70,27,evaluation,71,7,0.0,71,1,0,long_delays,0,1,0,4.0,sustained_reserve,1.030349678,0
61,,,,2,,primary,reserve,40,688483036858962540,9,2,,0.259523558,2,0.343923115,0.874015109,1.722666536,,0.938865807,32,1,0,401,,0,-36.0,0.586632799,,,,,,evaluation,,,0.0,71,1,0,long_delays,,,,4.0,reserve,0.956910535,0
62,0,71,1,3,,primary,sustained_reserve,40,688483036858962540,9,2,no_candidate_plan_within_declared_model,0.277260446,2,0.341183847,0.875550363,1.680226973,,0.935056861,34,1,0,401,0.052407613,0,-36.0,0.589158994,-3.055492944,0.0,69,66,28,evaluation,71,13,0.0,72,0,0,long_delays,1,0,0,4.0,sustained_reserve,0.956910535,0
60,,,,1,,primary,reserve,40,14845051279084890245,10,2,,0.225490086,2,0.496760267,1.0,1.797363067,,0.999165411,26,1,0,401,,0,-36.0,0.632754495,,,,,,evaluation,,,0.0,70,2,0,long_delays,,,,4.0,reserve,0.88990451,0
62,0,72,0,3,,primary,sustained_reserve,40,14845051279084890245,10,2,no_candidate_plan_within_declared_model,0.244463937,2,0.498968784,0.998478744,1.779228538,,0.987299646,26,1,0,401,0.053274969,0,-36.0,0.634899841,-3.015623045,0.0,69,67,28,evaluation,71,13,0.0,72,0,0,long_delays,0,0,0,4.0,sustained_reserve,0.88990451,0
61,,,,2,,primary,reserve,40,15323987392304269192,11,2,,0.420661741,2,0.469940221,0.960624482,0.747632048,,0.993255214,-1,0,0,401,,0,-36.0,0.624607964,,,,,,evaluation,,,0.0,71,1,0,long_delays,,,,4.0,reserve,1.080590093,0
62,0,71,1,3,,primary,sustained_reserve,40,15323987392304269192,11,2,no_candidate_plan_within_declared_model,0.427671312,2,0.469517268,0.963097996,0.741525882,,0.986232887,-1,0,0,401,0.053281443,0,-35.877296035,0.624607964,-1.305089428,0.0,68,67,28,evaluation,71,7,0.0,72,0,0,long_delays,1,0,0,4.0,sustained_reserve,1.080590093,0
59,,,,1,,primary,reserve,39,10183718752960407178,12,2,,0.299581185,2,0.504087991,0.90751777,1.589806459,,1.0,33,1,0,401,,0,-36.0,0.623748844,,,,,,evaluation,,,0.0,69,3,0,long_delays,,,,4.0,reserve,0.936249816,0
62,0,70,2,3,,primary,sustained_reserve,40,10183718752960407178,12,2,no_candidate_plan_within_declared_model,0.450750919,2,0.502578091,0.909416067,0.772886635,,0.981358308,-1,0,0,401,0.039826665,0,-36.0,0.628372769,-1.575306083,0.0,66,66,28,evaluation,71,8,0.0,72,0,0,long_delays,2,0,0,4.0,sustained_reserve,0.936249816,0
58,,,,1,,primary,reserve,38,3094801267066550008,13,2,,0.242303197,2,0.345516539,0.832394734,1.849154561,,0.934736426,29,1,0,401,,0,-36.0,0.587385227,,,,,,evaluation,,,0.0,68,2,2,long_delays,,,,4.0,reserve,0.948726068,0
62,0,71,1,3,,primary,sustained_reserve,40,3094801267066550008,13,2,no_candidate_plan_within_declared_model,0.253468211,2,0.346346424,0.836005226,1.843869421,,0.932678861,29,1,0,401,0.050305081,0,-36.0,0.592062482,-3.17373449,0.0,68,70,28,evaluation,71,7,0.0,72,0,0,long_delays,1,0,0,4.0,sustained_reserve,0.948726068,0
57,,,,0,,primary,reserve,37,11517108206777865013,14,2,,0.113400676,2,0.004583619,0.713033575,2.154842229,,0.754627984,30,1,0,401,,0,-36.0,0.489350773,,,,,,evaluation,,,0.1336,67,5,0,long_delays,,,,3.8664,reserve,0.944440005,0
62,0,71,1,3,,primary,sustained_reserve,40,11517108206777865013,14,2,no_candidate_plan_within_declared_model,0.167409545,2,0.026060169,0.744257877,2.06599387,,0.79721722,30,1,0,401,0.049919411,0,-36.0,0.512539632,-3.017441021,0.0,66,67,28,evaluation,71,10,0.0,72,0,0,long_delays,1,0,0,4.0,sustained_reserve,0.944440005,0
61,,,,2,,primary,reserve,40,18309698995908524757,15,2,,0.346891396,2,0.277043667,0.906182721,1.029399073,,0.935969578,-1,0,0,401,,0,-36.0,0.577565772,,,,,,evaluation,,,0.0,71,1,0,long_delays,,,,4.0,reserve,1.115839898,0
62,0,72,0,3,,primary,sustained_reserve,40,18309698995908524757,15,2,no_candidate_plan_within_declared_model,0.365087198,2,0.294628592,0.915165957,0.996211488,,0.94380829,-1,0,0,401,0.052878483,0,-36.0,0.578311051,-1.700603721,0.0,69,68,28,evaluation,71,7,0.0,72,0,0,long_delays,0,0,0,4.0,sustained_reserve,1.115839898,0
61,,,,2,,primary,reserve,40,14507246535438184655,0,2,,0.237398385,2,0.370455558,0.972285958,1.828403602,,0.96133362,31,1,0,503,,0,-36.0,0.592351917,,,,,,evaluation,,,0.0,71,1,0,long_delays,,,,4.0,reserve,0.995031341,0
62,0,70,2,3,,primary,sustained_reserve,40,14507246535438184655,0,2,no_candidate_plan_within_declared_model,0.244285742,2,0.36587525,0.972019842,1.825108855,,0.957186908,31,1,0,503,0.103992071,0,-36.0,0.595614255,-3.277202975,0.0,68,67,28,evaluation,71,10,0.0,72,0,0,long_delays,2,0,0,4.0,sustained_reserve,0.995031341,0
61,,,,2,,primary,reserve,40,7502164766355850473,1,2,,0.321275819,2,0.510053376,0.989613187,1.53683992,,0.99405483,33,1,0,503,,0,-36.0,0.636682855,,,,,,evaluation,,,0.0,71,1,0,long_delays,,,,4.0,reserve,0.917809527,0
62,0,69,3,3,,primary,sustained_reserve,40,7502164766355850473,1,2,no_candidate_plan_within_declared_model,0.468819458,2,0.522646331,0.996531584,0.705271365,,0.987565551,-1,0,0,503,0.067316547,0,-36.0,0.638113471,-1.2423342,0.0,66,67,28,evaluation,71,6,0.0,72,0,0,long_delays,3,0,0,4.0,sustained_reserve,0.917809527,0
58,,,,1,,primary,reserve,38,1392972506535981944,2,2,,0.197104429,2,0.309324121,0.913088094,1.773824916,,0.941422302,30,1,0,503,,0,-36.0,0.572282788,,,,,,evaluation,,,0.0,68,4,0,long_delays,,,,4.0,reserve,0.892003597,0
62,0,69,3,3,,primary,sustained_reserve,40,1392972506535981944,2,2,no_candidate_plan_within_declared_model,0.22948326,2,0.325195858,0.922891125,1.727696487,,0.942448666,30,1,0,503,0.079332019,0,-36.0,0.574534146,-2.668118634,0.0,63,67,28,evaluation,71,11,0.0,72,0,0,long_delays,3,0,0,4.0,sustained_reserve,0.892003597,0
60,,,,1,,primary,reserve,40,16650437693641795717,3,2,,0.343078446,2,0.116402761,0.970368028,1.665524941,,0.898018107,36,1,0,503,,0,-36.0,0.518185401,,,,,,evaluation,,,0.0,70,2,0,long_delays,,,,4.0,reserve,1.104189257,0
62,0,71,1,3,,primary,sustained_reserve,40,16650437693641795717,3,2,no_candidate_plan_within_declared_model,0.463149319,2,0.093260381,0.959125934,0.926140029,,0.889094373,-1,0,0,503,0.082399753,0,-35.536932697,0.521170338,-1.701850716,0.0,67,67,28,evaluation,71,8,0.0,72,0,0,long_delays,1,0,0,4.0,sustained_reserve,1.104189257,0
59,,,,1,,primary,reserve,39,15260285073911315825,4,2,,0.215152299,2,0.202543114,0.759654361,1.797747706,,0.881674031,34,1,0,503,,0,-36.0,0.559438702,,,,,,evaluation,,,0.0,69,3,0,long_delays,,,,4.0,reserve,1.010323814,0
62,0,72,0,3,,primary,sustained_reserve,40,15260285073911315825,4,2,no_candidate_plan_within_declared_model,0.356528826,2,0.191936232,0.757148992,1.012183775,,0.879574818,71,1,0,503,0.061930591,0,-36.0,0.571238888,-1.903845253,0.0,69,68,28,evaluation,71,8,0.0,72,0,0,long_delays,0,0,0,4.0,sustained_reserve,1.010323814,0
58,,,,0,,primary,reserve,38,9033986013164043777,5,2,,0.047648479,2,0.003615347,0.834292543,2.300618427,,0.759844051,29,1,0,503,,0,-36.0,0.485624064,,,,,,evaluation,,,0.0646,68,4,0,long_delays,,,,3.9354,reserve,1.011195509,0
62,0,71,1,3,,primary,sustained_reserve,40,9033986013164043777,5,2,no_candidate_plan_within_declared_model,0.089191665,2,0.0,0.855551379,2.248061615,,0.783477091,29,1,0,503,0.108656162,0,-36.0,0.507530694,-3.748210899,0.0,66,71,28,evaluation,71,10,0.0,72,0,0,long_delays,1,0,0,4.0,sustained_reserve,1.011195509,0
61,,,,2,,primary,reserve,40,11635626335846214484,6,2,,0.345187095,2,0.317930611,0.809611439,1.005643184,,0.946617307,-1,0,0,503,,0,-36.0,0.590656617,,,,,,evaluation,,,0.0,71,1,0,long_delays,,,,4.0,reserve,1.016079949,0
62,0,72,0,3,,primary,sustained_reserve,40,11635626335846214484,6,2,no_candidate_plan_within_declared_model,0.350605243,2,0.314140267,0.811143178,1.00197452,,0.944333865,-1,0,0,503,0.126313819,0,-36.0,0.592666529,-2.158866244,0.0,69,69,28,evaluation,71,10,0.0,72,0,0,long_delays,0,0,0,4.0,sustained_reserve,1.016079949,0
60,,,,2,,primary,reserve,39,13525149703185477343,7,2,,0.186421506,2,0.0,0.6200228,2.151205117,,0.614891407,25,1,0,503,,0,-36.0,0.367840058,,,,,,evaluation,,,0.0,70,1,1,long_delays,,,,4.0,reserve,1.07806954,0
62,0,72,0,3,,primary,sustained_reserve,40,13525149703185477343,7,2,no_candidate_plan_within_declared_model,0.187393141,2,0.0,0.611160651,2.159150415,,0.59726624,25,1,0,503,0.06481882,0,-36.0,0.367840058,-3.1430314,0.0,66,70,28,evaluation,71,6,0.0,72,0,0,long_delays,0,0,0,4.0,sustained_reserve,1.07806954,0
61,,,,2,,primary,reserve,40,17705892780363619842,8,2,,0.209832011,2,0.376490738,0.931531736,1.887548234,,0.966248011,31,1,0,503,,0,-36.0,0.600984949,,,,,,evaluation,,,0.0,71,1,0,long_delays,,,,4.0,reserve,1.043164934,0
62,0,72,0,3,,primary,sustained_reserve,40,17705892780363619842,8,2,no_candidate_plan_within_declared_model,0.224571256,2,0.380762402,0.936063993,1.857296093,,0.968577453,32,1,0,503,0.061888794,0,-36.0,0.601118047,-2.769489198,0.0,69,68,28,evaluation,71,6,0.0,72,0,0,long_delays,0,0,0,4.0,sustained_reserve,1.043164934,0
61,,,,2,,primary,reserve,40,12589318634424385521,9,2,,0.165402394,2,0.054320089,0.757909606,2.077950635,,0.820163024,26,1,0,503,,0,-36.0,0.531356011,,,,,,evaluation,,,0.0,71,1,0,long_delays,,,,4.0,reserve,0.880743217,0
62,0,70,2,3,,primary,sustained_reserve,40,12589318634424385521,9,2,no_candidate_plan_within_declared_model,0.177642833,2,0.070415629,0.76685397,2.055391403,,0.82741928,26,1,0,503,0.085635717,0,-36.0,0.537322943,-3.519543953,0.0,67,70,28,evaluation,71,11,0.0,72,0,0,long_delays,2,0,0,4.0,sustained_reserve,0.880743217,0
61,,,,2,,primary,reserve,40,4053438918554722444,10,2,,0.13353344,2,0.202035887,0.894110684,2.017575172,,0.887597288,30,1,0,503,,0,-36.0,0.572851371,,,,,,evaluation,,,0.0,71,1,0,long_delays,,,,4.0,reserve,0.997987742,0
62,0,72,0,3,,primary,sustained_reserve,40,4053438918554722444,10,2,no_candidate_plan_within_declared_model,0.156852422,2,0.226312456,0.905150208,1.975439085,,0.898477309,30,1,0,503,0.059868329,0,-36.0,0.573300372,-3.219970029,0.0,66,70,28,evaluation,71,11,0.0,72,0,0,long_delays,0,0,0,4.0,sustained_reserve,0.997987742,0
61,,,,2,,primary,reserve,40,17731734540527883231,11,2,,0.220904845,2,0.349998085,0.951518783,1.766772359,,0.974743177,33,1,0,503,,0,-36.0,0.595103865,,,,,,evaluation,,,0.0,71,1,0,long_delays,,,,4.0,reserve,0.978452915,0
62,0,71,1,3,,primary,sustained_reserve,40,17731734540527883231,11,2,no_candidate_plan_within_declared_model,0.365348876,2,0.357306054,0.956078578,0.947472365,,0.984718373,-1,0,0,503,0.108875072,0,-36.0,0.595240957,-1.611335831,0.0,68,66,28,evaluation,71,9,0.0,72,0,0,long_delays,1,0,0,4.0,sustained_reserve,0.978452915,0
59,,,,1,,primary,reserve,39,10779228214608787929,12,2,,0.223425026,2,0.0,0.647530374,1.976556113,,0.72063472,37,1,0,503,,0,-36.0,0.491084245,,,,,,evaluation,,,0.0,69,2,1,long_delays,,,,4.0,reserve,1.103951062,0
62,0,71,1,3,,primary,sustained_reserve,40,10779228214608787929,12,2,no_candidate_plan_within_declared_model,0.258453421,2,0.0,0.651311014,1.908919177,,0.719687777,39,1,0,503,0.084969646,0,-36.0,0.506262536,-2.945584567,0.0,70,68,28,evaluation,71,11,0.0,72,0,0,long_delays,1,0,0,4.0,sustained_reserve,1.103951062,0
59,,,,1,,primary,reserve,39,160552893719091600,13,2,,0.069492254,2,0.195614474,0.761765496,2.211522192,,0.821384999,25,1,0,503,,0,-37.0,0.561702172,,,,,,evaluation,,,0.0,69,2,1,long_delays,,,,4.0,reserve,0.944708408,0
62,0,72,0,3,,primary,sustained_reserve,40,160552893719091600,13,2,no_candidate_plan_within_declared_model,0.081064529,2,0.195357657,0.764340107,2.206076098,,0.816104647,25,1,0,503,0.028022983,0,-37.0,0.567967474,-3.235958032,0.0,71,71,28,evaluation,71,8,0.0,72,0,0,long_delays,0,0,0,4.0,sustained_reserve,0.944708408,0
59,,,,2,,primary,reserve,38,11556184036138153309,14,2,,0.488524552,2,0.43618892,0.972988774,0.695126686,,0.992074393,-1,0,0,503,,0,-36.0,0.594220381,,,,,,evaluation,,,0.0,69,1,2,long_delays,,,,4.0,reserve,0.996827895,0
62,0,67,5,3,,primary,sustained_reserve,40,11556184036138153309,14,2,no_candidate_plan_within_declared_model,0.496984192,2,0.431474307,0.972918886,0.685643352,,0.982634935,-1,0,0,503,0.069317735,0,-36.0,0.594220381,-1.253556636,0.0,62,63,28,evaluation,71,10,0.0,72,0,0,long_delays,5,0,0,4.0,sustained_reserve,0.996827895,0
61,,,,2,,primary,reserve,40,17859448831562131230,15,2,,0.087875399,2,0.0,0.626566405,2.208793695,,0.643908635,28,1,0,503,,0,-36.0,0.430141154,,,,,,evaluation,,,0.0,71,1,0,long_delays,,,,4.0,reserve,0.961763292,0
62,0,72,0,3,,primary,sustained_reserve,40,17859448831562131230,15,2,no_candidate_plan_within_declared_model,0.090262568,2,0.0,0.630776387,2.207377075,,0.643823017,28,1,0,503,0.053033629,0,-36.0,0.433537914,-3.408734008,0.0,71,68,28,evaluation,71,10,0.0,72,0,0,long_delays,0,0,0,4.0,sustained_reserve,0.961763292,0
60,,,,1,,primary,reserve,40,16519582356538312397,0,2,,0.203529159,2,0.341281955,0.86877451,1.863576563,,0.942360761,30,1,0,607,,0,-36.0,0.591656244,,,,,,evaluation,,,0.0,70,2,0,long_delays,,,,4.0,reserve,0.968238088,0
62,0,72,0,3,,primary,sustained_reserve,40,16519582356538312397,0,2,no_candidate_plan_within_declared_model,0.238550484,2,0.357665437,0.877961278,1.802316206,,0.947628362,31,1,0,607,0.054950264,0,-36.0,0.596283937,-3.000126311,0.0,69,69,28,evaluation,71,11,0.0,72,0,0,long_delays,0,0,0,4.0,sustained_reserve,0.968238088,0
59,,,,1,,primary,reserve,39,15014598973633559170,1,2,,0.471088174,2,0.282882208,0.828904994,0.835118975,,0.931399107,-1,0,0,607,,0,-36.0,0.551450139,,,,,,evaluation,,,0.0,69,3,0,long_delays,,,,4.0,reserve,1.005950372,0
62,0,66,6,3,,primary,sustained_reserve,40,15014598973633559170,1,2,no_candidate_plan_within_declared_model,0.483208624,2,0.259691793,0.821307518,0.829779505,,0.914147676,-1,0,0,607,0.07621653,0,-36.0,0.551657522,-1.488519159,0.0,61,64,28,evaluation,71,9,0.0,72,0,0,long_delays,6,0,0,4.0,sustained_reserve,1.005950372,0
60,,,,1,,primary,reserve,40,14352298113746820703,2,2,,0.064230695,2,0.182448699,0.7676671,2.13610615,,0.870911862,28,1,0,607,,0,-36.0,0.57340938,,,,,,evaluation,,,0.0,70,2,0,long_delays,,,,4.0,reserve,0.962696493,0
62,0,72,0,3,,primary,sustained_reserve,40,14352298113746820703,2,2,no_candidate_plan_within_declared_model,0.0833468,2,0.192023701,0.774577287,2.109851752,,0.874116048,28,1,0,607,0.044722753,0,-36.0,0.577602659,-3.677584135,0.0,70,69,28,evaluation,71,10,0.0,72,0,0,long_delays,0,0,0,4.0,sustained_reserve,0.962696493,0
60,,,,2,,primary,reserve,39,4632938823472088820,3,2,,0.020912397,2,0.12170107,0.823997888,2.266812557,,0.82980378,26,1,0,607,,0,-36.688177744,0.570419995,,,,,,evaluation,,,0.0,70,1,1,long_delays,,,,4.0,reserve,1.020617821,0
62,0,72,0,3,,primary,sustained_reserve,40,4632938823472088820,3,2,no_candidate_plan_within_declared_model,0.022898234,2,0.117128989,0.824457216,2.268422204,,0.826203864,26,1,0,607,0.047352148,0,-36.688177744,0.572778617,-3.761802523,0.0,71,70,28,evaluation,71,9,0.0,72,0,0,long_delays,0,0,0,4.0,sustained_reserve,1.020617821,0
61,,,,2,,primary,reserve,40,2287919376212702517,4,2,,0.392927144,2,0.184750878,0.779098681,0.996725267,,0.884896256,-1,0,0,607,,0,-36.095869472,0.545433653,,,,,,evaluation,,,0.0,71,1,0,long_delays,,,,4.0,reserve,1.049919937,0
62,0,72,0,3,,primary,sustained_reserve,40,2287919376212702517,4,2,no_candidate_plan_within_declared_model,0.405292338,2,0.195974766,0.78639376,0.974056692,,0.891217282,-1,0,0,607,0.037249029,0,-36.095869472,0.548665872,-1.82889172,0.0,68,68,28,evaluation,71,9,0.0,72,0,0,long_delays,0,0,0,4.0,sustained_reserve,1.049919937,0
60,,,,1,,primary,reserve,40,12382382542312678492,5,2,,0.472582676,2,0.427319523,0.892759258,0.763833462,,0.996198239,-1,0,0,607,,0,-36.0,0.593463422,,,,,,evaluation,,,0.0,70,2,0,long_delays,,,,4.0,reserve,0.978622796,0
62,0,72,0,3,,primary,sustained_reserve,40,12382382542312678492,5,2,no_candidate_plan_within_declared_model,0.483238447,2,0.422292376,0.89449372,0.759225395,,0.982232023,-1,0,0,607,0.032907911,0,-36.0,0.594709447,-1.346386793,0.0,68,70,28,evaluation,71,8,0.0,72,0,0,long_delays,0,0,0,4.0,sustained_reserve,0.978622796,0
60,,,,1,,primary,reserve,40,4428411888319307125,6,2,,0.483744789,2,0.530528387,0.999902664,0.661173576,,0.998579986,-1,0,0,607,,0,-35.0,0.639053613,,,,,,evaluation,,,0.0,68,4,0,long_delays,,,,4.0,reserve,0.956763566,0
62,0,69,3,3,,primary,sustained_reserve,40,4428411888319307125,6,2,no_candidate_plan_within_declared_model,0.502447156,2,0.531215,0.998692652,0.639283199,,0.98515283,-1,0,0,607,0.108342763,0,-33.94065194,0.639053613,-1.320724387,0.0,66,64,28,evaluation,71,12,0.0,72,0,0,long_delays,3,0,0,4.0,sustained_reserve,0.956763566,0
59,,,,1,,primary,reserve,39,3523441179529093915,7,2,,0.410669389,2,0.450284036,1.0,0.864992591,,1.0,-1,0,0,607,,0,-36.0,0.626971597,,,,,,evaluation,,,0.0,69,3,0,long_delays,,,,4.0,reserve,1.041732553,0
62,0,71,1,3,,primary,sustained_reserve,40,3523441179529093915,7,2,no_candidate_plan_within_declared_model,0.432989235,2,0.448325663,0.995818883,0.841066348,,0.988113453,-1,0,0,607,0.055024111,0,-36.0,0.626971597,-1.575051994,0.0,67,69,28,evaluation,71,5,0.0,72,0,0,long_delays,1,0,0,4.0,sustained_reserve,1.041732553,0
61,,,,2,,primary,reserve,40,17695181745786663424,8,2,,0.024448508,2,0.197292217,0.829799325,2.222040846,,0.853746157,27,1,0,607,,0,-37.0,0.576009897,,,,,,evaluation,,,0.0,71,1,0,long_delays,,,,4.0,reserve,0.949877735,0
62,0,72,0,3,,primary,sustained_reserve,40,17695181745786663424,8,2,no_candidate_plan_within_declared_model,0.03070718,2,0.201286613,0.8340324,2.215933131,,0.854933898,27,1,0,607,0.06566367,0,-37.0,0.576981625,-3.588155329,0.0,69,70,28,evaluation,71,13,0.0,72,0,0,long_delays,0,0,0,4.0,sustained_reserve,0.949877735,0
58,,,,0,,primary,reserve,38,14721617548725135238,9,2,,0.0,2,0.0,0.50382842,2.458751823,,0.416451568,21,1,0,607,,0,-36.307506237,0.321991718,,,,,,evaluation,,,0.0646,68,4,0,long_delays,,,,3.9354,reserve,0.967142255,0
62,0,72,0,3,,primary,sustained_reserve,40,14721617548725135238,9,2,no_candidate_plan_within_declared_model,0.023221642,2,0.0,0.493001736,2.436063861,,0.399723304,21,1,0,607,0.070962436,0,-36.307506237,0.352422511,-3.86439872,0.0,66,72,28,evaluation,71,10,0.0,72,0,0,long_delays,0,0,0,4.0,sustained_reserve,0.967142255,0
60,,,,1,,primary,reserve,40,17510369190986973238,10,2,,0.284605662,2,0.409059488,0.943788384,1.709358232,,0.970128262,33,1,0,607,,0,-36.234304003,0.607067362,,,,,,evaluation,,,0.0,70,2,0,long_delays,,,,4.0,reserve,1.040265661,0
62,0,71,1,3,,primary,sustained_reserve,40,17510369190986973238,10,2,no_candidate_plan_within_declared_model,0.421315448,2,0.406342419,0.945136917,0.916567234,,0.96982638,-1,0,0,607,0.069257649,0,-36.234304003,0.608168593,-1.643993856,0.0,69,68,28,evaluation,71,9,0.0,72,0,0,long_delays,1,0,0,4.0,sustained_reserve,1.040265661,0
61,,,,2,,primary,reserve,40,6576852216492918907,11,2,,0.211576354,2,0.0,0.701528887,1.87747648,,0.73796225,36,1,0,607,,0,-36.328745596,0.508001335,,,,,,evaluation,,,0.0,71,1,0,long_delays,,,,4.0,reserve,1.03851423,0
62,0,71,1,3,,primary,sustained_reserve,40,6576852216492918907,11,2,no_candidate_plan_within_declared_model,0.256615517,2,0.0,0.711796274,1.731544986,,0.747264331,42,1,0,607,0.099736649,0,-36.328745596,0.508510191,-3.009586129,0.0,69,68,28,evaluation,71,9,0.0,72,0,0,long_delays,1,0,0,4.0,sustained_reserve,1.03851423,0
60,,,,1,,primary,reserve,40,14214392750224757803,12,2,,0.459331472,2,0.268340425,0.869054772,0.79913891,,0.938104066,-1,0,0,607,,0,-36.366589145,0.568736067,,,,,,evaluation,,,0.0,70,2,0,long_delays,,,,4.0,reserve,1.06525873,0
62,0,72,0,3,,primary,sustained_reserve,40,14214392750224757803,12,2,no_candidate_plan_within_declared_model,0.48271251,2,0.27450271,0.874070959,0.76552863,,0.940288505,-1,0,0,607,0.053796237,0,-36.366589145,0.574423926,-1.398010605,0.0,67,67,28,evaluation,71,10,0.0,72,0,0,long_delays,0,0,0,4.0,sustained_reserve,1.06525873,0
59,,,,1,,primary,reserve,39,17711000375883169700,13,2,,0.303721965,2,0.469665638,0.826033431,1.585269104,,0.98946131,36,1,0,607,,0,-36.0,0.621738313,,,,,,evaluation,,,0.0,69,3,0,long_delays,,,,4.0,reserve,1.018857442,0
62,0,71,1,3,,primary,sustained_reserve,40,17711000375883169700,13,2,no_candidate_plan_within_declared_model,0.449837007,2,0.47886651,0.831435346,0.807972499,,0.984905187,-1,0,0,607,0.038153453,0,-36.0,0.625259135,-1.247565822,0.0,66,67,28,evaluation,71,8,0.0,72,0,0,long_delays,1,0,0,4.0,sustained_reserve,1.018857442,0
61,,,,2,,primary,reserve,40,9089680143257946982,14,2,,0.196167988,2,0.330977701,0.912352518,1.927551823,,0.938348397,30,1,0,607,,0,-36.0,0.604907691,,,,,,evaluation,,,0.0,71,1,0,long_delays,,,,4.0,reserve,0.955797969,0
62,0,71,1,3,,primary,sustained_reserve,40,9089680143257946982,14,2,no_candidate_plan_within_declared_model,0.202849229,2,0.331846006,0.91543076,1.92040822,,0.937940866,30,1,0,607,0.065924955,0,-36.0,0.606590517,-3.343069145,0.0,67,71,28,evaluation,71,8,0.0,72,0,0,long_delays,1,0,0,4.0,sustained_reserve,0.955797969,0
61,,,,2,,primary,reserve,40,8841990479080573860,15,2,,0.181417488,2,0.270589836,0.932271463,1.839669614,,0.932703854,33,1,0,607,,0,-36.0,0.582264085,,,,,,evaluation,,,0.0,71,1,0,long_delays,,,,4.0,reserve,0.998890243,0
62,0,71,1,3,,primary,sustained_reserve,40,8841990479080573860,15,2,no_candidate_plan_within_declared_model,0.223797591,2,0.274013844,0.935558916,1.718776351,,0.933432741,38,1,0,607,0.084006649,0,-36.0,0.58419163,-2.478994203,0.0,68,66,28,evaluation,71,8,0.0,72,0,0,long_delays,1,0,0,4.0,sustained_reserve,0.998890243,0
69,,,,0,,primary,reserve,65,9739973216299283601,0,2,,0.641181944,2,0.854596237,1.0,0.825713474,,1.0,-1,0,0,401,,0,,0.671612122,,,,,,evaluation,,,0.1912,72,0,0,low_policy_capacity,,,,3.8088,reserve,1.085376579,0
69,0,71,1,0,,primary,sustained_reserve,65,9739973216299283601,0,2,no_candidate_plan_within_declared_model,0.641181944,2,0.854596237,1.0,0.825713474,,1.0,-1,0,0,401,0.035312609,0,,0.671612122,-0.983768128,0.0,62,71,24,evaluation,71,8,0.1912,72,0,0,low_policy_capacity,1,0,0,3.8088,sustained_reserve,1.085376579,0
69,,,,0,,primary,reserve,65,497360197865448171,1,2,,0.507160223,2,0.537782874,1.0,1.184924682,,1.0,68,1,0,401,,0,,0.630628596,,,,,,evaluation,,,0.1912,72,0,0,low_policy_capacity,,,,3.8088,reserve,1.095106971,0
69,0,72,0,0,,primary,sustained_reserve,65,497360197865448171,1,2,no_candidate_plan_within_declared_model,0.507160223,2,0.537782874,1.0,1.184924682,,1.0,68,1,0,401,0.06220373,0,,0.630628596,-1.475519167,0.0,67,72,24,evaluation,71,11,0.1912,72,0,0,low_policy_capacity,0,0,0,3.8088,sustained_reserve,1.095106971,0
69,,,,0,,primary,reserve,65,15804009067095553024,2,2,,0.631856464,2,0.824353239,1.0,0.802908694,,1.0,-1,0,0,401,,0,,0.667351804,,,,,,evaluation,,,0.1912,72,0,0,low_policy_capacity,,,,3.8088,reserve,0.991186596,0
69,0,69,3,0,,primary,sustained_reserve,65,15804009067095553024,2,2,no_candidate_plan_within_declared_model,0.631856464,2,0.824353239,1.0,0.802908694,,1.0,-1,0,0,401,0.064364887,0,,0.667351804,-0.971769151,0.0,57,69,24,evaluation,71,11,0.1912,72,0,0,low_policy_capacity,3,0,0,3.8088,sustained_reserve,0.991186596,0
69,,,,0,,primary,reserve,65,14732801067571324980,3,2,,0.548582055,2,0.772696111,1.0,0.925779539,,1.0,-1,0,0,401,,0,,0.654790191,,,,,,evaluation,,,0.1912,72,0,0,low_policy_capacity,,,,3.8088,reserve,1.09696195,0
69,0,70,2,0,,primary,sustained_reserve,65,14732801067571324980,3,2,no_candidate_plan_within_declared_model,0.548582055,2,0.772696111,1.0,0.925779539,,1.0,-1,0,0,401,0.052148651,0,,0.654790191,-1.253932427,0.0,68,69,24,evaluation,71,9,0.1912,72,0,0,low_policy_capacity,2,0,0,3.8088,sustained_reserve,1.09696195,0
69,,,,0,,primary,reserve,65,10355017696138457399,4,2,,0.619806467,2,0.770376973,1.0,0.890712511,,1.0,-1,0,0,401,,0,,0.654099744,,,,,,evaluation,,,0.1912,72,0,0,low_policy_capacity,,,,3.8088,reserve,0.941465469,0
69,0,70,2,0,,primary,sustained_reserve,65,10355017696138457399,4,2,no_candidate_plan_within_declared_model,0.619806467,2,0.770376973,1.0,0.890712511,,1.0,-1,0,0,401,0.049439741,0,,0.654099744,-1.220269239,0.0,57,70,24,evaluation,71,13,0.1912,72,0,0,low_policy_capacity,2,0,0,3.8088,sustained_reserve,0.941465469,0
69,,,,0,,primary,reserve,65,13382216273069640739,5,2,,0.275338109,2,0.533713274,1.0,1.98233779,,1.0,43,1,0,401,,0,,0.644047846,,,,,,evaluation,,,0.1912,72,0,0,low_policy_capacity,,,,3.8088,reserve,1.000877588,0
69,0,69,3,0,,primary,sustained_reserve,65,13382216273069640739,5,2,no_candidate_plan_within_declared_model,0.275338109,2,0.533713274,1.0,1.98233779,,1.0,43,1,0,401,0.070698149,0,,0.644047846,-2.805773394,0.0,67,69,24,evaluation,71,9,0.1912,72,0,0,low_policy_capacity,3,0,0,3.8088,sustained_reserve,1.000877588,0
69,,,,0,,primary,reserve,65,8312166938144218161,6,2,,0.60895209,2,0.834279242,1.0,0.865560001,,1.0,-1,0,0,401,,0,,0.662137523,,,,,,evaluation,,,0.1912,72,0,0,low_policy_capacity,,,,3.8088,reserve,1.093848442,0
69,0,72,0,0,,primary,sustained_reserve,65,8312166938144218161,6,2,no_candidate_plan_within_declared_model,0.60895209,2,0.834279242,1.0,0.865560001,,1.0,-1,0,0,401,0.066338671,0,,0.662137523,-1.117357953,0.0,57,71,24,evaluation,71,12,0.1912,72,0,0,low_policy_capacity,0,0,0,3.8088,sustained_reserve,1.093848442,0
69,,,,0,,primary,reserve,65,3962705183372991719,7,2,,0.55548354,2,0.75558701,1.0,0.886486357,,1.0,-1,0,0,401,,0,,0.65497951,,,,,,evaluation,,,0.1912,72,0,0,low_policy_capacity,,,,3.8088,reserve,1.077043482,0
69,0,67,5,0,,primary,sustained_reserve,65,3962705183372991719,7,2,no_candidate_plan_within_declared_model,0.55548354,2,0.75558701,1.0,0.886486357,,1.0,-1,0,0,401,0.092147049,0,,0.65497951,-1.221224619,0.0,56,67,24,evaluation,71,15,0.1912,72,0,0,low_policy_capacity,5,0,0,3.8088,sustained_reserve,1.077043482,0
69,,,,0,,primary,reserve,65,466494984581002872,8,2,,0.471634854,2,0.725296747,1.0,1.315308198,,1.0,62,1,0,401,,0,,0.66226409,,,,,,evaluation,,,0.1912,72,0,0,low_policy_capacity,,,,3.8088,reserve,1.030349678,0
69,0,70,2,0,,primary,sustained_reserve,65,466494984581002872,8,2,no_candidate_plan_within_declared_model,0.471634854,2,0.725296747,1.0,1.315308198,,1.0,62,1,0,401,0.036393099,0,,0.66226409,-1.703683904,0.0,66,70,24,evaluation,71,8,0.1912,72,0,0,low_policy_capacity,2,0,0,3.8088,sustained_reserve,1.030349678,0
69,,,,0,,primary,reserve,65,688483036858962540,9,2,,0.538000928,2,0.720809273,1.0,1.015099871,,1.0,69,1,0,401,,0,,0.654406279,,,,,,evaluation,,,0.1912,72,0,0,low_policy_capacity,,,,3.8088,reserve,0.956910535,0
69,0,72,0,0,,primary,sustained_reserve,65,688483036858962540,9,2,no_candidate_plan_within_declared_model,0.538000928,2,0.720809273,1.0,1.015099871,,1.0,69,1,0,401,0.063077095,0,,0.654406279,-1.437734765,0.0,62,70,24,evaluation,71,15,0.1912,72,0,0,low_policy_capacity,0,0,0,3.8088,sustained_reserve,0.956910535,0
69,,,,0,,primary,reserve,65,14845051279084890245,10,2,,0.618874786,2,0.83847684,1.0,0.858264403,,1.0,-1,0,0,401,,0,,0.668645267,,,,,,evaluation,,,0.1912,72,0,0,low_policy_capacity,,,,3.8088,reserve,0.88990451,0
69,0,71,1,0,,primary,sustained_reserve,65,14845051279084890245,10,2,no_candidate_plan_within_declared_model,0.618874786,2,0.83847684,1.0,0.858264403,,1.0,-1,0,0,401,0.053262293,0,,0.668645267,-1.285999304,0.0,65,70,24,evaluation,71,12,0.1912,72,0,0,low_policy_capacity,1,0,0,3.8088,sustained_reserve,0.88990451,0
69,,,,0,,primary,reserve,65,15323987392304269192,11,2,,0.594107414,2,0.830259345,1.0,0.802826978,,1.0,-1,0,0,401,,0,,0.667500652,,,,,,evaluation,,,0.1912,72,0,0,low_policy_capacity,,,,3.8088,reserve,1.080590093,0
69,0,70,2,0,,primary,sustained_reserve,65,15323987392304269192,11,2,no_candidate_plan_within_declared_model,0.594107414,2,0.830259345,1.0,0.802826978,,1.0,-1,0,0,401,0.056593979,0,,0.667500652,-0.85743215,0.0,60,70,24,evaluation,71,10,0.1912,72,0,0,low_policy_capacity,2,0,0,3.8088,sustained_reserve,1.080590093,0
69,,,,0,,primary,reserve,65,10183718752960407178,12,2,,0.599791035,2,0.835132061,1.0,0.879042993,,1.0,-1,0,0,401,,0,,0.665770231,,,,,,evaluation,,,0.1912,72,0,0,low_policy_capacity,,,,3.8088,reserve,0.936249816,0
69,0,70,2,0,,primary,sustained_reserve,65,10183718752960407178,12,2,no_candidate_plan_within_declared_model,0.599791035,2,0.835132061,1.0,0.879042993,,1.0,-1,0,0,401,0.052050284,0,,0.665770231,-1.273967344,0.0,63,70,24,evaluation,71,10,0.1912,72,0,0,low_policy_capacity,2,0,0,3.8088,sustained_reserve,0.936249816,0
69,,,,0,,primary,reserve,65,3094801267066550008,13,2,,0.566241362,2,0.700515118,1.0,1.105347463,,1.0,67,1,0,401,,0,,0.655852599,,,,,,evaluation,,,0.1912,72,0,0,low_policy_capacity,,,,3.8088,reserve,0.948726068,0
69,0,72,0,0,,primary,sustained_reserve,65,3094801267066550008,13,2,no_candidate_plan_within_declared_model,0.566241362,2,0.700515118,1.0,1.105347463,,1.0,67,1,0,401,0.079640265,0,,0.655852599,-1.544515166,0.0,65,72,24,evaluation,71,11,0.1912,72,0,0,low_policy_capacity,0,0,0,3.8088,sustained_reserve,0.948726068,0
69,,,,0,,primary,reserve,65,11517108206777865013,14,2,,0.36623879,2,0.452037288,1.0,1.730370789,,1.0,49,1,0,401,,0,,0.638799945,,,,,,evaluation,,,0.1912,72,0,0,low_policy_capacity,,,,3.8088,reserve,0.944440005,0
69,0,71,1,0,,primary,sustained_reserve,65,11517108206777865013,14,2,no_candidate_plan_within_declared_model,0.36623879,2,0.452037288,1.0,1.730370789,,1.0,49,1,0,401,0.055367304,0,,0.638799945,-2.181207355,0.0,65,71,24,evaluation,71,13,0.1912,72,0,0,low_policy_capacity,1,0,0,3.8088,sustained_reserve,0.944440005,0
69,,,,0,,primary,reserve,65,18309698995908524757,15,2,,0.501049344,2,0.68103829,1.0,1.048798232,,1.0,-1,0,0,401,,0,,0.650651361,,,,,,evaluation,,,0.1912,72,0,0,low_policy_capacity,,,,3.8088,reserve,1.115839898,0
69,0,72,0,0,,primary,sustained_reserve,65,18309698995908524757,15,2,no_candidate_plan_within_declared_model,0.501049344,2,0.68103829,1.0,1.048798232,,1.0,-1,0,0,401,0.071472563,0,,0.650651361,-1.25655784,0.0,65,72,24,evaluation,71,9,0.1912,72,0,0,low_policy_capacity,0,0,0,3.8088,sustained_reserve,1.115839898,0
69,,,,0,,primary,reserve,65,14507246535438184655,0,2,,0.535198253,2,0.73496395,1.0,1.149287703,,1.0,66,1,0,503,,0,,0.66501214,,,,,,evaluation,,,0.1912,72,0,0,low_policy_capacity,,,,3.8088,reserve,0.995031341,0
69,0,70,2,0,,primary,sustained_reserve,65,14507246535438184655,0,2,no_candidate_plan_within_declared_model,0.535198253,2,0.73496395,1.0,1.149287703,,1.0,66,1,0,503,0.098777373,0,,0.66501214,-1.600099822,0.0,67,70,24,evaluation,71,11,0.1912,72,0,0,low_policy_capacity,2,0,0,3.8088,sustained_reserve,0.995031341,0
69,,,,0,,primary,reserve,65,7502164766355850473,1,2,,0.633355499,2,0.843593344,1.0,0.779392292,,1.0,-1,0,0,503,,0,,0.671847302,,,,,,evaluation,,,0.1912,72,0,0,low_policy_capacity,,,,3.8088,reserve,0.917809527,0
69,0,70,2,0,,primary,sustained_reserve,65,7502164766355850473,1,2,no_candidate_plan_within_declared_model,0.633355499,2,0.843593344,1.0,0.779392292,,1.0,-1,0,0,503,0.067316547,0,,0.671847302,-0.972923551,0.0,61,70,24,evaluation,71,7,0.1912,72,0,0,low_policy_capacity,2,0,0,3.8088,sustained_reserve,0.917809527,0
69,,,,0,,primary,reserve,65,1392972506535981944,2,2,,0.515078495,2,0.6896305,1.0,0.992636466,,1.0,68,1,0,503,,0,,0.649568759,,,,,,evaluation,,,0.1912,72,0,0,low_policy_capacity,,,,3.8088,reserve,0.892003597,0
69,0,70,2,0,,primary,sustained_reserve,65,1392972506535981944,2,2,no_candidate_plan_within_declared_model,0.515078495,2,0.6896305,1.0,0.992636466,,1.0,68,1,0,503,0.079332019,0,,0.649568759,-1.263542097,0.0,61,69,24,evaluation,71,14,0.1912,72,0,0,low_policy_capacity,2,0,0,3.8088,sustained_reserve,0.892003597,0
69,,,,0,,primary,reserve,65,16650437693641795717,3,2,,0.640997116,2,0.570797845,1.0,0.872888989,,1.0,-1,0,0,503,,0,,0.62664271,,,,,,evaluation,,,0.1912,72,0,0,low_policy_capacity,,,,3.8088,reserve,1.104189257,0
69,0,71,1,0,,primary,sustained_reserve,65,16650437693641795717,3,2,no_candidate_plan_within_declared_model,0.640997116,2,0.570797845,1.0,0.872888989,,1.0,-1,0,0,503,0.082399753,0,,0.62664271,-1.15367757,0.0,63,71,24,evaluation,71,7,0.1912,72,0,0,low_policy_capacity,1,0,0,3.8088,sustained_reserve,1.104189257,0
69,,,,0,,primary,reserve,65,15260285073911315825,4,2,,0.487840276,2,0.636050921,1.0,1.157446164,,1.0,66,1,0,503,,0,,0.649224552,,,,,,evaluation,,,0.1912,72,0,0,low_policy_capacity,,,,3.8088,reserve,1.010323814,0
69,0,71,1,0,,primary,sustained_reserve,65,15260285073911315825,4,2,no_candidate_plan_within_declared_model,0.487840276,2,0.636050921,1.0,1.157446164,,1.0,66,1,0,503,0.064133244,0,,0.649224552,-1.70445118,0.0,65,71,24,evaluation,71,10,0.1912,72,0,0,low_policy_capacity,1,0,0,3.8088,sustained_reserve,1.010323814,0
69,,,,0,,primary,reserve,65,9033986013164043777,5,2,,0.424641925,2,0.507441153,1.0,1.532297629,,1.0,56,1,0,503,,0,,0.651124911,,,,,,evaluation,,,0.1912,72,0,0,low_policy_capacity,,,,3.8088,reserve,1.011195509,0
69,0,72,0,0,,primary,sustained_reserve,65,9033986013164043777,5,2,no_candidate_plan_within_declared_model,0.424641925,2,0.507441153,1.0,1.532297629,,1.0,56,1,0,503,0.109403648,0,,0.651124911,-2.439205704,0.0,66,72,24,evaluation,71,9,0.1912,72,0,0,low_policy_capacity,0,0,0,3.8088,sustained_reserve,1.011195509,0
69,,,,0,,primary,reserve,65,11635626335846214484,6,2,,0.50061146,2,0.726584421,1.0,1.034814762,,1.0,71,1,0,503,,0,,0.660367866,,,,,,evaluation,,,0.1912,72,0,0,low_policy_capacity,,,,3.8088,reserve,1.016079949,0
69,0,71,1,0,,primary,sustained_reserve,65,11635626335846214484,6,2,no_candidate_plan_within_declared_model,0.50061146,2,0.726584421,1.0,1.034814762,,1.0,71,1,0,503,0.140968713,0,,0.660367866,-1.658126039,0.0,64,71,24,evaluation,71,9,0.1912,72,0,0,low_policy_capacity,1,0,0,3.8088,sustained_reserve,1.016079949,0
69,,,,0,,primary,reserve,65,13525149703185477343,7,2,,0.607979419,2,0.374471874,1.0,1.034558461,,1.0,-1,0,0,503,,0,,0.588455004,,,,,,evaluation,,,0.1912,72,0,0,low_policy_capacity,,,,3.8088,reserve,1.07806954,0
69,0,71,1,0,,primary,sustained_reserve,65,13525149703185477343,7,2,no_candidate_plan_within_declared_model,0.607979419,2,0.374471874,1.0,1.034558461,,1.0,-1,0,0,503,0.054834788,0,,0.588455004,-1.141791576,0.0,64,71,24,evaluation,71,9,0.1912,72,0,0,low_policy_capacity,1,0,0,3.8088,sustained_reserve,1.07806954,0
69,,,,0,,primary,reserve,65,17705892780363619842,8,2,,0.523404627,2,0.753761324,1.0,1.187300342,,1.0,66,1,0,503,,0,,0.658629028,,,,,,evaluation,,,0.1912,72,0,0,low_policy_capacity,,,,3.8088,reserve,1.043164934,0
69,0,72,0,0,,primary,sustained_reserve,65,17705892780363619842,8,2,no_candidate_plan_within_declared_model,0.523404627,2,0.753761324,1.0,1.187300342,,1.0,66,1,0,503,0.052341809,0,,0.658629028,-1.277522987,0.0,66,72,24,evaluation,71,6,0.1912,72,0,0,low_policy_capacity,0,0,0,3.8088,sustained_reserve,1.043164934,0
69,,,,0,,primary,reserve,65,12589318634424385521,9,2,,0.462436526,2,0.574568989,1.0,1.545503578,,1.0,49,1,0,503,,0,,0.636336177,,,,,,evaluation,,,0.1912,72,0,0,low_policy_capacity,,,,3.8088,reserve,0.880743217,0
69,0,71,1,0,,primary,sustained_reserve,65,12589318634424385521,9,2,no_candidate_plan_within_declared_model,0.462436526,2,0.574568989,1.0,1.545503578,,1.0,49,1,0,503,0.097912564,0,,0.636336177,-2.393840509,0.0,65,71,24,evaluation,71,11,0.1912,72,0,0,low_policy_capacity,1,0,0,3.8088,sustained_reserve,0.880743217,0
69,,,,0,,primary,reserve,65,4053438918554722444,10,2,,0.411323125,2,0.632131654,1.0,1.514726713,,1.0,54,1,0,503,,0,,0.648506723,,,,,,evaluation,,,0.1912,72,0,0,low_policy_capacity,,,,3.8088,reserve,0.997987742,0
69,0,72,0,0,,primary,sustained_reserve,65,4053438918554722444,10,2,no_candidate_plan_within_declared_model,0.411323125,2,0.632131654,1.0,1.514726713,,1.0,54,1,0,503,0.056157739,0,,0.648506723,-2.139979529,0.0,64,72,24,evaluation,71,13,0.1912,72,0,0,low_policy_capacity,0,0,0,3.8088,sustained_reserve,0.997987742,0
69,,,,0,,primary,reserve,65,17731734540527883231,11,2,,0.479327497,2,0.675915879,1.0,1.177327914,,1.0,65,1,0,503,,0,,0.657462779,,,,,,evaluation,,,0.1912,72,0,0,low_policy_capacity,,,,3.8088,reserve,0.978452915,0
69,0,70,2,0,,primary,sustained_reserve,65,17731734540527883231,11,2,no_candidate_plan_within_declared_model,0.479327497,2,0.675915879,1.0,1.177327914,,1.0,65,1,0,503,0.104019398,0,,0.657462779,-1.499616407,0.0,66,70,24,evaluation,71,9,0.1912,72,0,0,low_policy_capacity,2,0,0,3.8088,sustained_reserve,0.978452915,0
69,,,,0,,primary,reserve,65,10779228214608787929,12,2,,0.492211615,2,0.405758091,1.0,1.355525447,,1.0,64,1,0,503,,0,,0.63309855,,,,,,evaluation,,,0.1912,72,0,0,low_policy_capacity,,,,3.8088,reserve,1.103951062,0
69,0,70,2,0,,primary,sustained_reserve,65,10779228214608787929,12,2,no_candidate_plan_within_declared_model,0.492211615,2,0.405758091,1.0,1.355525447,,1.0,64,1,0,503,0.078050845,0,,0.63309855,-2.116924318,0.0,66,70,24,evaluation,71,15,0.1912,72,0,0,low_policy_capacity,2,0,0,3.8088,sustained_reserve,1.103951062,0
69,,,,0,,primary,reserve,65,160552893719091600,13,2,,0.316167036,2,0.648846746,1.0,1.911639615,,1.0,41,1,0,503,,0,,0.65197019,,,,,,evaluation,,,0.1912,72,0,0,low_policy_capacity,,,,3.8088,reserve,0.944708408,0
69,0,71,1,0,,primary,sustained_reserve,65,160552893719091600,13,2,no_candidate_plan_within_declared_model,0.316167036,2,0.648846746,1.0,1.911639615,,1.0,41,1,0,503,0.057809325,0,,0.65197019,-2.478293791,0.0,68,71,24,evaluation,71,11,0.1912,72,0,0,low_policy_capacity,1,0,0,3.8088,sustained_reserve,0.944708408,0
69,,,,0,,primary,reserve,65,11556184036138153309,14,2,,0.667152135,2,0.797970625,1.0,0.745807746,,1.0,-1,0,0,503,,0,,0.662930287,,,,,,evaluation,,,0.1912,72,0,0,low_policy_capacity,,,,3.8088,reserve,0.996827895,0
69,0,70,2,0,,primary,sustained_reserve,65,11556184036138153309,14,2,no_candidate_plan_within_declared_model,0.667152135,2,0.797970625,1.0,0.745807746,,1.0,-1,0,0,503,0.0803913,0,,0.662930287,-0.947965524,0.0,52,70,24,evaluation,71,11,0.1912,72,0,0,low_policy_capacity,2,0,0,3.8088,sustained_reserve,0.996827895,0
69,,,,0,,primary,reserve,65,17859448831562131230,15,2,,0.358848674,2,0.252706197,1.0,1.721666694,,1.0,50,1,0,503,,0,,0.615717877,,,,,,evaluation,,,0.1912,72,0,0,low_policy_capacity,,,,3.8088,reserve,0.961763292,0
69,0,72,0,0,,primary,sustained_reserve,65,17859448831562131230,15,2,no_candidate_plan_within_declared_model,0.358848674,2,0.252706197,1.0,1.721666694,,1.0,50,1,0,503,0.059648744,0,,0.615717877,-2.491613787,0.0,69,72,24,evaluation,71,11,0.1912,72,0,0,low_policy_capacity,0,0,0,3.8088,sustained_reserve,0.961763292,0
69,,,,0,,primary,reserve,65,16519582356538312397,0,2,,0.506319228,2,0.716145506,1.0,1.234000942,,1.0,62,1,0,607,,0,,0.654311314,,,,,,evaluation,,,0.1912,72,0,0,low_policy_capacity,,,,3.8088,reserve,0.968238088,0
69,0,72,0,0,,primary,sustained_reserve,65,16519582356538312397,0,2,no_candidate_plan_within_declared_model,0.506319228,2,0.716145506,1.0,1.234000942,,1.0,62,1,0,607,0.065538619,0,,0.654311314,-1.869542799,0.0,67,71,24,evaluation,71,10,0.1912,72,0,0,low_policy_capacity,0,0,0,3.8088,sustained_reserve,0.968238088,0
69,,,,0,,primary,reserve,65,15014598973633559170,1,2,,0.675364063,2,0.748508464,1.0,0.813536621,,1.0,-1,0,0,607,,0,,0.65054287,,,,,,evaluation,,,0.1912,72,0,0,low_policy_capacity,,,,3.8088,reserve,1.005950372,0
69,0,69,3,0,,primary,sustained_reserve,65,15014598973633559170,1,2,no_candidate_plan_within_declared_model,0.675364063,2,0.748508464,1.0,0.813536621,,1.0,-1,0,0,607,0.079723057,0,,0.65054287,-1.050958822,0.0,58,69,24,evaluation,71,11,0.1912,72,0,0,low_policy_capacity,3,0,0,3.8088,sustained_reserve,1.005950372,0
69,,,,0,,primary,reserve,65,14352298113746820703,2,2,,0.260559638,2,0.589791396,1.0,1.891351593,,1.0,44,1,0,607,,0,,0.64962296,,,,,,evaluation,,,0.1912,72,0,0,low_policy_capacity,,,,3.8088,reserve,0.962696493,0
69,0,72,0,0,,primary,sustained_reserve,65,14352298113746820703,2,2,no_candidate_plan_within_declared_model,0.260559638,2,0.589791396,1.0,1.891351593,,1.0,44,1,0,607,0.039937211,0,,0.64962296,-2.873375817,0.0,70,72,24,evaluation,71,12,0.1912,72,0,0,low_policy_capacity,0,0,0,3.8088,sustained_reserve,0.962696493,0
69,,,,0,,primary,reserve,65,4632938823472088820,3,2,,0.2834165,2,0.574173536,1.0,1.808886468,,1.0,48,1,0,607,,0,,0.650086782,,,,,,evaluation,,,0.1912,72,0,0,low_policy_capacity,,,,3.8088,reserve,1.020617821,0
69,0,72,0,0,,primary,sustained_reserve,65,4632938823472088820,3,2,no_candidate_plan_within_declared_model,0.2834165,2,0.574173536,1.0,1.808886468,,1.0,48,1,0,607,0.060151035,0,,0.650086782,-2.771483297,0.0,70,72,24,evaluation,71,10,0.1912,72,0,0,low_policy_capacity,0,0,0,3.8088,sustained_reserve,1.020617821,0
69,,,,0,,primary,reserve,65,2287919376212702517,4,2,,0.598047607,2,0.665474146,1.0,0.922894129,,1.0,-1,0,0,607,,0,,0.637167293,,,,,,evaluation,,,0.1912,72,0,0,low_policy_capacity,,,,3.8088,reserve,1.049919937,0
69,0,70,2,0,,primary,sustained_reserve,65,2287919376212702517,4,2,no_candidate_plan_within_declared_model,0.598047607,2,0.665474146,1.0,0.922894129,,1.0,-1,0,0,607,0.0492556,0,,0.637167293,-1.209334421,0.0,66,70,24,evaluation,71,8,0.1912,72,0,0,low_policy_capacity,2,0,0,3.8088,sustained_reserve,1.049919937,0
69,,,,0,,primary,reserve,65,12382382542312678492,5,2,,0.615809451,2,0.750355514,1.0,0.872250885,,1.0,-1,0,0,607,,0,,0.658143929,,,,,,evaluation,,,0.1912,72,0,0,low_policy_capacity,,,,3.8088,reserve,0.978622796,0
69,0,72,0,0,,primary,sustained_reserve,65,12382382542312678492,5,2,no_candidate_plan_within_declared_model,0.615809451,2,0.750355514,1.0,0.872250885,,1.0,-1,0,0,607,0.049372631,0,,0.658143929,-1.250425907,0.0,63,72,24,evaluation,71,11,0.1912,72,0,0,low_policy_capacity,0,0,0,3.8088,sustained_reserve,0.978622796,0
69,,,,0,,primary,reserve,65,4428411888319307125,6,2,,0.678653344,2,0.858940937,1.0,0.702774627,,1.0,-1,0,0,607,,0,,0.671635433,,,,,,evaluation,,,0.1912,72,0,0,low_policy_capacity,,,,3.8088,reserve,0.956763566,0
69,0,71,1,0,,primary,sustained_reserve,65,4428411888319307125,6,2,no_candidate_plan_within_declared_model,0.678653344,2,0.858940937,1.0,0.702774627,,1.0,-1,0,0,607,0.108342763,0,,0.671635433,-0.899572248,0.0,54,71,24,evaluation,71,12,0.1912,72,0,0,low_policy_capacity,1,0,0,3.8088,sustained_reserve,0.956763566,0
69,,,,0,,primary,reserve,65,3523441179529093915,7,2,,0.554569727,2,0.751270933,1.0,0.991289649,,1.0,-1,0,0,607,,0,,0.671441271,,,,,,evaluation,,,0.1912,72,0,0,low_policy_capacity,,,,3.8088,reserve,1.041732553,0
69,0,70,2,0,,primary,sustained_reserve,65,3523441179529093915,7,2,no_candidate_plan_within_declared_model,0.554569727,2,0.751270933,1.0,0.991289649,,1.0,-1,0,0,607,0.055024111,0,,0.671441271,-1.339853428,0.0,66,70,24,evaluation,71,8,0.1912,72,0,0,low_policy_capacity,2,0,0,3.8088,sustained_reserve,1.041732553,0
69,,,,0,,primary,reserve,65,17695181745786663424,8,2,,0.207998192,2,0.617502718,1.0,2.015587824,,1.0,41,1,0,607,,0,,0.651662577,,,,,,evaluation,,,0.1912,72,0,0,low_policy_capacity,,,,3.8088,reserve,0.949877735,0
69,0,72,0,0,,primary,sustained_reserve,65,17695181745786663424,8,2,no_candidate_plan_within_declared_model,0.207998192,2,0.617502718,1.0,2.015587824,,1.0,41,1,0,607,0.070108002,0,,0.651662577,-2.878061451,0.0,69,72,24,evaluation,71,14,0.1912,72,0,0,low_policy_capacity,0,0,0,3.8088,sustained_reserve,0.949877735,0
69,,,,0,,primary,reserve,65,14721617548725135238,9,2,,0.29491307,2,0.0,1.0,2.049867337,,1.0,39,1,0,607,,0,,0.582972266,,,,,,evaluation,,,0.1912,72,0,0,low_policy_capacity,,,,3.8088,reserve,0.967142255,0
69,0,71,1,0,,primary,sustained_reserve,65,14721617548725135238,9,2,no_candidate_plan_within_declared_model,0.29491307,2,0.0,1.0,2.049867337,,1.0,39,1,0,607,0.074316412,0,,0.582972266,-2.827210178,0.0,66,71,24,evaluation,71,14,0.1912,72,0,0,low_policy_capacity,1,0,0,3.8088,sustained_reserve,0.967142255,0
69,,,,0,,primary,reserve,65,17510369190986973238,10,2,,0.636497431,2,0.79838956,1.0,0.892695977,,1.0,-1,0,0,607,,0,,0.660246405,,,,,,evaluation,,,0.1912,72,0,0,low_policy_capacity,,,,3.8088,reserve,1.040265661,0
69,0,71,1,0,,primary,sustained_reserve,65,17510369190986973238,10,2,no_candidate_plan_within_declared_model,0.636497431,2,0.79838956,1.0,0.892695977,,1.0,-1,0,0,607,0.061831099,0,,0.660246405,-1.132355431,0.0,64,71,24,evaluation,71,9,0.1912,72,0,0,low_policy_capacity,1,0,0,3.8088,sustained_reserve,1.040265661,0
69,,,,0,,primary,reserve,65,6576852216492918907,11,2,,0.512281194,2,0.478603101,1.0,1.036083471,,1.0,-1,0,0,607,,0,,0.631280972,,,,,,evaluation,,,0.1912,72,0,0,low_policy_capacity,,,,3.8088,reserve,1.03851423,0
69,0,71,1,0,,primary,sustained_reserve,65,6576852216492918907,11,2,no_candidate_plan_within_declared_model,0.512281194,2,0.478603101,1.0,1.036083471,,1.0,-1,0,0,607,0.103307411,0,,0.631280972,-1.400658786,0.0,68,71,24,evaluation,71,9,0.1912,72,0,0,low_policy_capacity,1,0,0,3.8088,sustained_reserve,1.03851423,0
69,,,,0,,primary,reserve,65,14214392750224757803,12,2,,0.642923001,2,0.655027379,1.0,0.810443447,,1.0,-1,0,0,607,,0,,0.653515252,,,,,,evaluation,,,0.1912,72,0,0,low_policy_capacity,,,,3.8088,reserve,1.06525873,0
69,0,70,2,0,,primary,sustained_reserve,65,14214392750224757803,12,2,no_candidate_plan_within_declared_model,0.642923001,2,0.655027379,1.0,0.810443447,,1.0,-1,0,0,607,0.053796237,0,,0.653515252,-0.93158326,0.0,66,70,24,evaluation,71,11,0.1912,72,0,0,low_policy_capacity,2,0,0,3.8088,sustained_reserve,1.06525873,0
69,,,,0,,primary,reserve,65,17711000375883169700,13,2,,0.597731348,2,0.843420963,1.0,0.90769936,,1.0,-1,0,0,607,,0,,0.664796505,,,,,,evaluation,,,0.1912,72,0,0,low_policy_capacity,,,,3.8088,reserve,1.018857442,0
69,0,71,1,0,,primary,sustained_reserve,65,17711000375883169700,13,2,no_candidate_plan_within_declared_model,0.597731348,2,0.843420963,1.0,0.90769936,,1.0,-1,0,0,607,0.03143949,0,,0.664796505,-0.995273585,0.0,57,71,24,evaluation,71,9,0.1912,72,0,0,low_policy_capacity,1,0,0,3.8088,sustained_reserve,1.018857442,0
69,,,,0,,primary,reserve,65,9089680143257946982,14,2,,0.402049763,2,0.659634807,1.0,1.645512632,,1.0,50,1,0,607,,0,,0.661200848,,,,,,evaluation,,,0.1912,72,0,0,low_policy_capacity,,,,3.8088,reserve,0.955797969,0
69,0,72,0,0,,primary,sustained_reserve,65,9089680143257946982,14,2,no_candidate_plan_within_declared_model,0.402049763,2,0.659634807,1.0,1.645512632,,1.0,50,1,0,607,0.063740186,0,,0.661200848,-2.555978951,0.0,67,72,24,evaluation,71,8,0.1912,72,0,0,low_policy_capacity,0,0,0,3.8088,sustained_reserve,0.955797969,0
69,,,,0,,primary,reserve,65,8841990479080573860,15,2,,0.437772417,2,0.641103846,1.0,1.290676139,,1.0,62,1,0,607,,0,,0.654021489,,,,,,evaluation,,,0.1912,72,0,0,low_policy_capacity,,,,3.8088,reserve,0.998890243,0
69,0,70,2,0,,primary,sustained_reserve,65,8841990479080573860,15,2,no_candidate_plan_within_declared_model,0.437772417,2,0.641103846,1.0,1.290676139,,1.0,62,1,0,607,0.078293877,0,,0.654021489,-1.770144827,0.0,67,70,24,evaluation,71,11,0.1912,72,0,0,low_policy_capacity,2,0,0,3.8088,sustained_reserve,0.998890243,0
42,,,,39,,primary,reserve,3,9739973216299283601,0,2,,0.279662779,2,0.319224835,0.639974421,1.621318659,,0.479955648,59,1,0,401,,0,-3.307264948,0.639974421,,,,,,evaluation,,,0.0,45,18,9,tight_budget,,,,1.5,reserve,1.085376579,0
68,0,71,1,49,,primary,sustained_reserve,16,9739973216299283601,0,2,no_candidate_plan_within_declared_model,0.313005845,2,0.305784584,0.70769738,1.561707661,,0.491729493,60,1,0,401,0.053325173,0,3.867281767,0.671377532,-2.164170863,0.0,65,70,71,evaluation,71,9,0.0,71,0,1,tight_budget,0,0,1,1.5,sustained_reserve,1.085376579,0
60,,,,47,,primary,reserve,16,497360197865448171,1,2,,0.112734768,2,0.0,0.465945525,2.157983279,,0.261575183,48,1,0,401,,0,-5.933000418,0.465945525,,,,,,evaluation,,,0.0,63,9,0,tight_budget,,,,1.5,reserve,1.095106971,0
67,0,70,2,49,,primary,sustained_reserve,15,497360197865448171,1,2,no_candidate_plan_within_declared_model,0.148359886,2,0.0,0.479826513,2.094549052,,0.27251884,49,1,0,401,0.071572993,0,-1.839161115,0.479826513,-2.773229948,0.0,66,69,70,evaluation,71,12,0.0,70,0,2,tight_budget,0,0,2,1.5,sustained_reserve,1.095106971,0
53,,,,43,,primary,reserve,12,15804009067095553024,2,2,,0.252351742,2,0.271276998,0.710076917,1.756145495,,0.494942652,53,1,0,401,,0,-2.45351883,0.666268948,,,,,,evaluation,,,0.0,56,16,0,tight_budget,,,,1.5,reserve,0.991186596,0
67,0,70,2,49,,primary,sustained_reserve,15,15804009067095553024,2,2,no_candidate_plan_within_declared_model,0.31496374,2,0.261743605,0.732053228,1.62177232,,0.500757803,56,1,0,401,0.064364887,0,-2.45351883,0.667351804,-2.077904216,0.0,64,68,70,evaluation,71,12,0.0,70,0,2,tight_budget,0,0,2,1.5,sustained_reserve,0.991186596,0
48,,,,44,,primary,reserve,6,14732801067571324980,3,2,,0.189503326,2,0.095770742,0.499401089,1.843891995,,0.333290726,54,1,0,401,,0,-4.190133782,0.499401089,,,,,,evaluation,,,0.0,51,9,12,tight_budget,,,,1.5,reserve,1.09696195,0
68,0,71,1,49,,primary,sustained_reserve,16,14732801067571324980,3,2,no_candidate_plan_within_declared_model,0.245226202,2,0.12294407,0.561706474,1.71621103,,0.363833752,57,1,0,401,0.056410569,0,0.117648338,0.561706474,-2.354049086,0.0,64,70,71,evaluation,71,11,0.0,71,0,1,tight_budget,0,0,1,1.5,sustained_reserve,1.09696195,0
54,,,,44,,primary,reserve,12,10355017696138457399,4,2,,0.240104638,2,0.145924539,0.575376201,1.872489375,,0.387007628,51,1,0,401,,0,-0.824558556,0.575376201,,,,,,evaluation,,,0.0,57,15,0,tight_budget,,,,1.5,reserve,0.941465469,0
67,0,70,2,49,,primary,sustained_reserve,15,10355017696138457399,4,2,no_candidate_plan_within_declared_model,0.269402383,2,0.128877479,0.601558652,1.820023447,,0.38658737,52,1,0,401,0.059264618,0,-0.824558556,0.601558652,-2.653355816,0.0,60,69,70,evaluation,71,13,0.0,70,0,2,tight_budget,0,0,2,1.5,sustained_reserve,0.941465469,0
63,,,,45,,primary,reserve,15,13382216273069640739,5,2,,0.0,2,0.0,0.480736744,2.520548931,,0.262683404,40,1,0,401,,0,-7.086376334,0.480736744,,,,,,evaluation,,,0.0,66,6,0,tight_budget,,,,1.5,reserve,1.000877588,0
67,0,70,2,49,,primary,sustained_reserve,15,13382216273069640739,5,2,no_candidate_plan_within_declared_model,0.0,2,0.0,0.48174567,2.470569908,,0.248456811,41,1,0,401,0.070698149,0,-7.086376334,0.48174567,-3.353197935,0.0,65,70,70,evaluation,71,11,0.0,70,0,2,tight_budget,0,0,2,1.5,sustained_reserve,1.000877588,0
56,,,,46,,primary,reserve,13,8312166938144218161,6,2,,0.258148359,2,0.277918524,0.714756675,1.702797702,,0.495907408,57,1,0,401,,0,-3.780298121,0.662137523,,,,,,evaluation,,,0.0,59,10,3,tight_budget,,,,1.5,reserve,1.093848442,0
67,0,70,2,49,,primary,sustained_reserve,15,8312166938144218161,6,2,no_candidate_plan_within_declared_model,0.302607946,2,0.276393673,0.724877816,1.590148297,,0.499620808,60,1,0,401,0.06930304,0,-1.23764389,0.662137523,-2.266215862,0.0,58,69,70,evaluation,71,16,0.0,70,0,2,tight_budget,0,0,2,1.5,sustained_reserve,1.093848442,0
45,,,,43,,primary,reserve,5,3962705183372991719,7,2,,0.207040986,2,0.058887539,0.517812499,1.772718903,,0.308356728,56,1,0,401,,0,-2.056861343,0.517620444,,,,,,evaluation,,,0.0,48,13,11,tight_budget,,,,1.5,reserve,1.077043482,0
67,0,70,2,49,,primary,sustained_reserve,15,3962705183372991719,7,2,no_candidate_plan_within_declared_model,0.268714144,2,0.079118124,0.579563093,1.652405711,,0.331734595,58,1,0,401,0.089904078,0,3.636320589,0.579353338,-2.384263211,0.0,58,69,70,evaluation,71,15,0.0,70,0,2,tight_budget,0,0,2,1.5,sustained_reserve,1.077043482,0
46,,,,36,,primary,reserve,7,466494984581002872,8,2,,0.051594435,2,0.131301846,0.549218561,2.292924119,,0.370444851,45,1,0,401,,0,-6.642554209,0.549218561,,,,,,evaluation,,,0.0,49,16,7,tight_budget,,,,1.5,reserve,1.030349678,0
67,0,70,2,49,,primary,sustained_reserve,15,466494984581002872,8,2,no_candidate_plan_within_declared_model,0.213197519,2,0.155362098,0.626137178,1.958307649,,0.400238513,52,1,0,401,0.037790127,0,3.016217724,0.626137178,-2.500755633,0.0,61,70,70,evaluation,71,10,0.0,70,0,2,tight_budget,0,0,2,1.5,sustained_reserve,1.030349678,0
53,,,,47,,primary,reserve,9,688483036858962540,9,2,,0.176469462,2,0.077993153,0.578028658,1.97846214,,0.317077419,49,1,0,401,,0,-2.685845897,0.578028658,,,,,,evaluation,,,0.0,56,10,6,tight_budget,,,,1.5,reserve,0.956910535,0
68,0,71,1,49,,primary,sustained_reserve,16,688483036858962540,9,2,no_candidate_plan_within_declared_model,0.207924286,2,0.093659343,0.607588547,1.921472106,,0.333273373,50,1,0,401,0.067411621,0,-1.414644025,0.607588547,-2.832176494,0.0,64,71,71,evaluation,71,17,0.0,71,0,1,tight_budget,0,0,1,1.5,sustained_reserve,0.956910535,0
55,,,,45,,primary,reserve,13,14845051279084890245,10,2,,0.214097023,2,0.283749164,0.716582489,1.94208705,,0.485426098,47,1,0,401,,0,-3.442647645,0.667741599,,,,,,evaluation,,,0.0,58,13,1,tight_budget,,,,1.5,reserve,0.88990451,0
67,0,70,2,49,,primary,sustained_reserve,15,14845051279084890245,10,2,no_candidate_plan_within_declared_model,0.24103716,2,0.263376029,0.72207829,1.899228991,,0.476991952,48,1,0,401,0.061388398,0,-3.316370763,0.668452244,-2.934127807,0.0,64,70,70,evaluation,71,13,0.0,70,0,2,tight_budget,0,0,2,1.5,sustained_reserve,0.88990451,0
37,,,,37,,primary,reserve,2,15323987392304269192,11,2,,0.214886801,2,0.237388713,0.613271577,1.747700203,,0.42371794,56,1,0,401,,0,-4.004696554,0.613271577,,,,,,evaluation,,,0.0,40,18,14,tight_budget,,,,1.5,reserve,1.080590093,0
68,0,71,1,49,,primary,sustained_reserve,16,15323987392304269192,11,2,no_candidate_plan_within_declared_model,0.314080927,2,0.236029772,0.69107573,1.514821736,,0.4423092,61,1,0,401,0.043529817,0,1.639137568,0.667272528,-1.990242997,0.0,61,70,71,evaluation,71,13,0.0,71,0,1,tight_budget,0,0,1,1.5,sustained_reserve,1.080590093,0
53,,,,43,,primary,reserve,13,10183718752960407178,12,2,,0.210037987,2,0.283025074,0.658843532,1.907360101,,0.464823061,49,1,0,401,,0,-1.428895519,0.656454664,,,,,,evaluation,,,0.0,56,16,0,tight_budget,,,,1.5,reserve,0.936249816,0
67,0,70,2,49,,primary,sustained_reserve,15,10183718752960407178,12,2,no_candidate_plan_within_declared_model,0.27177101,2,0.269724076,0.676819849,1.778916231,,0.465699153,52,1,0,401,0.060600764,0,1.138370369,0.665735447,-2.291624458,0.0,61,70,70,evaluation,71,9,0.0,70,0,2,tight_budget,0,0,2,1.5,sustained_reserve,0.936249816,0
38,,,,41,,primary,reserve,0,3094801267066550008,13,2,,0.09992501,2,0.033941927,0.483590465,2.212452161,,0.306832602,44,1,0,401,,0,0.831727192,0.483590465,,,,,,evaluation,,,0.0,41,11,20,tight_budget,,,,1.5,reserve,0.948726068,0
67,0,70,2,49,,primary,sustained_reserve,15,3094801267066550008,13,2,no_candidate_plan_within_declared_model,0.2091029,2,0.088704795,0.590103192,1.987128961,,0.359667616,49,1,0,401,0.061968406,0,0.831727192,0.590103192,-2.800255398,0.0,63,70,70,evaluation,71,15,0.0,70,0,2,tight_budget,0,0,2,1.5,sustained_reserve,0.948726068,0
49,,,,42,,primary,reserve,9,11517108206777865013,14,2,,0.059716665,2,0.0,0.396095889,2.317322479,,0.131880654,44,1,0,401,,0,-1.113706971,0.396095889,,,,,,evaluation,,,0.0,52,18,2,tight_budget,,,,1.5,reserve,0.944440005,0
67,0,70,2,49,,primary,sustained_reserve,15,11517108206777865013,14,2,no_candidate_plan_within_declared_model,0.112350509,2,0.0,0.42462454,2.222572562,,0.1293955,46,1,0,401,0.056698287,0,4.034423552,0.42462454,-2.676568002,0.0,63,69,70,evaluation,71,14,0.0,70,0,2,tight_budget,0,0,2,1.5,sustained_reserve,0.944440005,0
43,,,,42,,primary,reserve,3,18309698995908524757,15,2,,0.142450929,2,0.0,0.508739154,2.008992832,,0.31171142,52,1,0,401,,0,-1.672422038,0.508739154,,,,,,evaluation,,,0.0,46,10,16,tight_budget,,,,1.5,reserve,1.115839898,0
68,0,71,1,49,,primary,sustained_reserve,16,18309698995908524757,15,2,no_candidate_plan_within_declared_model,0.203316643,2,0.0,0.589657073,1.874680173,,0.347748017,55,1,0,401,0.072676905,0,-1.672422038,0.589657073,-2.598480502,0.0,65,71,71,evaluation,71,10,0.0,71,0,1,tight_budget,0,0,1,1.5,sustained_reserve,1.115839898,0
57,,,,47,,primary,reserve,13,14507246535438184655,0,2,,0.173699378,2,0.105735829,0.640700139,2.046625494,,0.360383443,48,1,0,503,,0,-4.582891095,0.640700139,,,,,,evaluation,,,0.0,60,8,4,tight_budget,,,,1.5,reserve,0.995031341,0
68,0,71,1,49,,primary,sustained_reserve,16,14507246535438184655,0,2,no_candidate_plan_within_declared_model,0.216555873,2,0.121294204,0.656165333,1.958094916,,0.37248943,50,1,0,503,0.092765733,0,-1.022324541,0.656165333,-2.940545486,0.0,67,71,71,evaluation,71,10,0.0,71,0,1,tight_budget,0,0,1,1.5,sustained_reserve,0.995031341,0
39,,,,35,,primary,reserve,1,7502164766355850473,1,2,,0.207041395,2,0.283845984,0.632987193,1.897495541,,0.473623603,49,1,0,503,,0,-7.618991485,0.632987193,,,,,,evaluation,,,0.0,42,17,13,tight_budget,,,,1.5,reserve,0.917809527,0
68,0,71,1,49,,primary,sustained_reserve,16,7502164766355850473,1,2,no_candidate_plan_within_declared_model,0.30263078,2,0.259179941,0.712367778,1.674661797,,0.494235488,54,1,0,503,0.067316547,0,1.17132152,0.671847302,-2.198306389,0.0,62,71,71,evaluation,71,8,0.0,71,0,1,tight_budget,0,0,1,1.5,sustained_reserve,0.917809527,0
50,,,,39,,primary,reserve,8,1392972506535981944,2,2,,0.061311505,2,0.0,0.536547318,2.20541167,,0.299937012,42,1,0,503,,0,-6.409541951,0.536547318,,,,,,evaluation,,,0.0,53,13,6,tight_budget,,,,1.5,reserve,0.892003597,0
67,0,70,2,49,,primary,sustained_reserve,15,1392972506535981944,2,2,no_candidate_plan_within_declared_model,0.232249077,2,0.061788713,0.613918529,1.833914624,,0.348876367,50,1,0,503,0.079332019,0,3.474066657,0.613918529,-2.496357657,0.0,60,69,70,evaluation,71,12,0.0,70,0,2,tight_budget,0,0,2,1.5,sustained_reserve,0.892003597,0
51,,,,43,,primary,reserve,9,16650437693641795717,3,2,,0.23332687,2,0.0,0.493099468,1.919169403,,0.238373702,48,1,0,503,,0,-3.615005187,0.493099468,,,,,,evaluation,,,0.0,54,15,3,tight_budget,,,,1.5,reserve,1.104189257,0
67,0,70,2,49,,primary,sustained_reserve,15,16650437693641795717,3,2,no_candidate_plan_within_declared_model,0.274250312,2,0.0,0.521158172,1.844170532,,0.25116038,49,1,0,503,0.082399753,0,-3.615005187,0.521158172,-2.26235982,0.0,62,70,70,evaluation,71,9,0.0,70,0,2,tight_budget,0,0,2,1.5,sustained_reserve,1.104189257,0
42,,,,38,,primary,reserve,1,15260285073911315825,4,2,,0.121614553,2,0.0,0.447403143,2.045419472,,0.297584516,49,1,0,503,,0,-9.61245683,0.447403143,,,,,,evaluation,,,0.0,45,12,15,tight_budget,,,,1.5,reserve,1.010323814,0
68,0,71,1,49,,primary,sustained_reserve,16,15260285073911315825,4,2,no_candidate_plan_within_declared_model,0.21697135,2,0.016644877,0.547459339,1.843684031,,0.33909076,53,1,0,503,0.080564558,0,0.274053165,0.547459339,-2.577979394,0.0,66,71,71,evaluation,71,10,0.0,71,0,1,tight_budget,0,0,1,1.5,sustained_reserve,1.010323814,0
55,,,,44,,primary,reserve,13,9033986013164043777,5,2,,0.065027735,2,0.0,0.467085808,2.334474832,,0.184767874,44,1,0,503,,0,-4.163733712,0.467085808,,,,,,evaluation,,,0.0,58,14,0,tight_budget,,,,1.5,reserve,1.011195509,0
67,0,70,2,49,,primary,sustained_reserve,15,9033986013164043777,5,2,no_candidate_plan_within_declared_model,0.082124053,2,0.0,0.458572852,2.320668497,,0.155482538,44,1,0,503,0.109403648,0,-4.163733712,0.458572852,-3.241696846,0.0,65,70,70,evaluation,71,12,0.0,70,0,2,tight_budget,0,0,2,1.5,sustained_reserve,1.011195509,0
44,,,,39,,primary,reserve,5,11635626335846214484,6,2,,0.129508569,2,0.100063099,0.507027639,2.017029849,,0.383221403,50,1,0,503,,0,-0.643442299,0.507027639,,,,,,evaluation,,,0.0,47,19,6,tight_budget,,,,1.5,reserve,1.016079949,0
68,0,71,1,49,,primary,sustained_reserve,16,11635626335846214484,6,2,no_candidate_plan_within_declared_model,0.234433942,2,0.123029961,0.598931013,1.784400983,,0.435824952,55,1,0,503,0.146875013,0,4.145638827,0.598931013,-2.802555682,0.0,64,71,71,evaluation,71,10,0.0,71,0,1,tight_budget,0,0,1,1.5,sustained_reserve,1.016079949,0
56,,,,43,,primary,reserve,15,13525149703185477343,7,2,,0.033452462,2,0.0,0.066030632,2.435979172,,0.0,38,1,1,503,,0,-4.416764948,0.066030632,,,,,,evaluation,,,0.0,59,10,3,tight_budget,,,,1.5,reserve,1.07806954,0
68,0,71,1,49,,primary,sustained_reserve,16,13525149703185477343,7,2,no_candidate_plan_within_declared_model,0.117122378,2,0.0,0.077331455,2.280609181,,0.0,41,1,0,503,0.036925393,0,-0.184648006,0.077331455,-2.949181252,0.0,64,71,71,evaluation,71,10,0.0,71,0,1,tight_budget,0,0,1,1.5,sustained_reserve,1.07806954,0
55,,,,44,,primary,reserve,14,17705892780363619842,8,2,,0.117097121,2,0.149885363,0.636725894,2.1539183,,0.415702242,47,1,0,503,,0,-4.932880159,0.636725894,,,,,,evaluation,,,0.0,58,14,0,tight_budget,,,,1.5,reserve,1.043164934,0
68,0,71,1,49,,primary,sustained_reserve,16,17705892780363619842,8,2,no_candidate_plan_within_declared_model,0.181449569,2,0.148184416,0.653984292,2.02725984,,0.417937826,50,1,0,503,0.06172927,0,-1.165232039,0.653984292,-2.460698793,0.0,65,71,71,evaluation,71,9,0.0,71,0,1,tight_budget,0,0,1,1.5,sustained_reserve,1.043164934,0
45,,,,38,,primary,reserve,5,12589318634424385521,9,2,,0.089609672,2,0.0,0.426549318,2.286820458,,0.216921923,40,1,0,503,,0,-6.869194086,0.426549318,,,,,,evaluation,,,0.0,48,14,10,tight_budget,,,,1.5,reserve,0.880743217,0
68,0,71,1,49,,primary,sustained_reserve,16,12589318634424385521,9,2,no_candidate_plan_within_declared_model,0.168265592,2,0.0,0.495879889,2.128132014,,0.224360216,43,1,0,503,0.102758147,0,-2.904401697,0.495879889,-3.05586904,0.0,62,70,71,evaluation,71,13,0.0,71,0,1,tight_budget,0,0,1,1.5,sustained_reserve,0.880743217,0
52,,,,45,,primary,reserve,10,4053438918554722444,10,2,,0.052407971,2,0.0,0.563151755,2.281264314,,0.290768539,44,1,0,503,,0,-0.24163603,0.563151755,,,,,,evaluation,,,0.0,55,10,7,tight_budget,,,,1.5,reserve,0.997987742,0
68,0,71,1,49,,primary,sustained_reserve,16,4053438918554722444,10,2,no_candidate_plan_within_declared_model,0.112165261,2,0.0,0.594080099,2.174417808,,0.306510784,46,1,0,503,0.057052851,0,2.997343794,0.594080099,-2.850286868,0.0,64,71,71,evaluation,71,11,0.0,71,0,1,tight_budget,0,0,1,1.5,sustained_reserve,0.997987742,0
51,,,,43,,primary,reserve,11,17731734540527883231,11,2,,0.122127619,2,0.077321708,0.608675073,2.120559043,,0.389332241,48,1,0,503,,0,-6.880039196,0.608675073,,,,,,evaluation,,,0.0,54,18,0,tight_budget,,,,1.5,reserve,0.978452915,0
68,0,71,1,49,,primary,sustained_reserve,16,17731734540527883231,11,2,no_candidate_plan_within_declared_model,0.196322787,2,0.077582326,0.637096408,1.971219233,,0.398995311,51,1,0,503,0.104019398,0,-5.957715195,0.637096408,-2.631624594,0.0,60,71,71,evaluation,71,9,0.0,71,0,1,tight_budget,0,0,1,1.5,sustained_reserve,0.978452915,0
51,,,,44,,primary,reserve,10,10779228214608787929,12,2,,0.044817192,2,0.0,0.348000041,2.393132428,,0.075750122,42,1,0,503,,0,-4.201985508,0.348000041,,,,,,evaluation,,,0.0,54,14,4,tight_budget,,,,1.5,reserve,1.103951062,0
67,0,70,2,49,,primary,sustained_reserve,15,10779228214608787929,12,2,no_candidate_plan_within_declared_model,0.134538063,2,0.0,0.394443942,2.227104148,,0.106230715,45,1,0,503,0.088798614,0,1.690730606,0.394443942,-3.060224394,0.0,64,69,70,evaluation,71,18,0.0,70,0,2,tight_budget,0,0,2,1.5,sustained_reserve,1.103951062,0
59,,,,45,,primary,reserve,15,160552893719091600,13,2,,0.0,2,0.032917842,0.541462999,2.464565458,,0.232003986,39,1,0,503,,0,-8.564323922,0.541462999,,,,,,evaluation,,,0.0,62,10,0,tight_budget,,,,1.5,reserve,0.944708408,0
67,0,70,2,49,,primary,sustained_reserve,15,160552893719091600,13,2,no_candidate_plan_within_declared_model,0.043852249,2,0.02010262,0.551201409,2.379958244,,0.221391546,41,1,0,503,0.052867579,0,-3.872037596,0.551201409,-2.945338695,0.0,66,70,70,evaluation,71,12,0.0,70,0,2,tight_budget,0,0,2,1.5,sustained_reserve,0.944708408,0
50,,,,41,,primary,reserve,11,11556184036138153309,14,2,,0.208002817,2,0.053830434,0.590157313,1.83614778,,0.391060342,53,1,0,503,,0,-4.614186034,0.590157313,,,,,,evaluation,,,0.0,53,16,3,tight_budget,,,,1.5,reserve,0.996827895,0
68,0,71,1,49,,primary,sustained_reserve,16,11556184036138153309,14,2,no_candidate_plan_within_declared_model,0.307598789,2,0.037584719,0.609198843,1.633778221,,0.388198429,57,1,0,503,0.073673921,0,7.442653213,0.609198843,-2.251132557,0.0,57,69,71,evaluation,71,13,0.0,71,0,1,tight_budget,0,0,1,1.5,sustained_reserve,0.996827895,0
60,,,,45,,primary,reserve,15,17859448831562131230,15,2,,0.0,2,0.0,0.238506349,2.498988684,,0.0,38,1,0,503,,0,-4.149150805,0.238506349,,,,,,evaluation,,,0.0,63,8,1,tight_budget,,,,1.5,reserve,0.961763292,0
68,0,71,1,49,,primary,sustained_reserve,16,17859448831562131230,15,2,no_candidate_plan_within_declared_model,0.067689045,2,0.0,0.273007938,2.359848962,,0.0,40,1,0,503,0.039922082,0,-2.575214151,0.273007938,-3.16393377,0.0,66,71,71,evaluation,71,17,0.0,71,0,1,tight_budget,0,0,1,1.5,sustained_reserve,0.961763292,0
48,,,,45,,primary,reserve,5,16519582356538312397,0,2,,0.098645048,2,0.063746411,0.543239662,2.179857233,,0.317270943,45,1,0,607,,0,-5.716592977,0.543239662,,,,,,evaluation,,,0.0,51,11,10,tight_budget,,,,1.5,reserve,0.968238088,0
67,0,70,2,49,,primary,sustained_reserve,15,16519582356538312397,0,2,no_candidate_plan_within_declared_model,0.15084871,2,0.096910493,0.606586239,2.077898355,,0.351598643,47,1,0,607,0.07968498,0,-3.078808583,0.606586239,-2.809677927,0.0,64,69,70,evaluation,71,11,0.0,70,0,2,tight_budget,0,0,2,1.5,sustained_reserve,0.968238088,0
40,,,,36,,primary,reserve,5,15014598973633559170,1,2,,0.200950215,2,0.004474992,0.478466702,1.89691483,,0.294311892,51,1,0,607,,0,-4.7802401,0.478466702,,,,,,evaluation,,,0.0,43,18,11,tight_budget,,,,1.5,reserve,1.005950372,0
67,0,70,2,49,,primary,sustained_reserve,15,15014598973633559170,1,2,no_candidate_plan_within_declared_model,0.307392983,2,0.0,0.540326785,1.639858869,,0.279614324,57,1,0,607,0.072629271,0,-0.344262007,0.540326785,-2.404204983,0.0,59,68,70,evaluation,71,10,0.0,70,0,2,tight_budget,0,0,2,1.5,sustained_reserve,1.005950372,0
55,,,,46,,primary,reserve,11,14352298113746820703,2,2,,0.026211384,2,0.0,0.515321572,2.347020475,,0.322386872,42,1,0,607,,0,-1.559492378,0.515321572,,,,,,evaluation,,,0.0,58,12,2,tight_budget,,,,1.5,reserve,0.962696493,0
67,0,70,2,49,,primary,sustained_reserve,15,14352298113746820703,2,2,no_candidate_plan_within_declared_model,0.04991631,2,0.0,0.540100073,2.300681001,,0.334025502,43,1,0,607,0.044672232,0,-1.559492378,0.540100073,-3.269252672,0.0,66,70,70,evaluation,71,13,0.0,70,0,2,tight_budget,0,0,2,1.5,sustained_reserve,0.962696493,0
54,,,,47,,primary,reserve,10,4632938823472088820,3,2,,0.010449878,2,0.0,0.53272833,2.375859836,,0.239515664,43,1,0,607,,0,-2.881318807,0.53272833,,,,,,evaluation,,,0.0,57,8,7,tight_budget,,,,1.5,reserve,1.020617821,0
68,0,71,1,49,,primary,sustained_reserve,16,4632938823472088820,3,2,no_candidate_plan_within_declared_model,0.02926905,2,0.0,0.556966751,2.341614612,,0.247003849,44,1,0,607,0.066400265,0,0.312499291,0.556966751,-3.382445235,0.0,67,71,71,evaluation,71,10,0.0,71,0,1,tight_budget,0,0,1,1.5,sustained_reserve,1.020617821,0
57,,,,44,,primary,reserve,15,2287919376212702517,4,2,,0.156160795,2,0.0,0.47460346,2.00187559,,0.254482854,51,1,0,607,,0,-2.694420158,0.47460346,,,,,,evaluation,,,0.0,60,12,0,tight_budget,,,,1.5,reserve,1.049919937,0
68,0,71,1,49,,primary,sustained_reserve,16,2287919376212702517,4,2,no_candidate_plan_within_declared_model,0.245386596,2,0.0,0.507292518,1.812857972,,0.276884655,55,1,0,607,0.057558615,0,-2.694420158,0.507292518,-2.520549864,0.0,61,70,71,evaluation,71,10,0.0,71,0,1,tight_budget,0,0,1,1.5,sustained_reserve,1.049919937,0
36,,,,36,,primary,reserve,0,12382382542312678492,5,2,,0.181163339,2,0.103372139,0.518020708,1.95065031,,0.377425813,50,1,0,607,,0,-2.261106264,0.518020708,,,,,,evaluation,,,0.0,39,20,13,tight_budget,,,,1.5,reserve,0.978622796,0
67,0,70,2,49,,primary,sustained_reserve,15,12382382542312678492,5,2,no_candidate_plan_within_declared_model,0.299760388,2,0.111097749,0.614238234,1.680785711,,0.425316247,56,1,0,607,0.05340891,0,4.310365063,0.614238234,-2.647799535,0.0,62,70,70,evaluation,71,13,0.0,70,0,2,tight_budget,0,0,2,1.5,sustained_reserve,0.978622796,0
47,,,,39,,primary,reserve,10,4428411888319307125,6,2,,0.282316053,2,0.31487279,0.711454802,1.673469563,,0.494146101,54,1,0,607,,0,-3.456030855,0.671635433,,,,,,evaluation,,,0.0,50,22,0,tight_budget,,,,1.5,reserve,0.956763566,0
67,0,70,2,49,,primary,sustained_reserve,15,4428411888319307125,6,2,no_candidate_plan_within_declared_model,0.337692318,2,0.273287441,0.736964724,1.557309045,,0.476214157,57,1,0,607,0.108342763,0,5.383053524,0.671635433,-2.242625166,0.0,60,69,70,evaluation,71,13,0.0,70,0,2,tight_budget,0,0,2,1.5,sustained_reserve,0.956763566,0
49,,,,41,,primary,reserve,9,3523441179529093915,7,2,,0.203386019,2,0.200772577,0.69383686,1.912628111,,0.461313132,51,1,0,607,,0,-2.322144038,0.668631871,,,,,,evaluation,,,0.0,52,17,3,tight_budget,,,,1.5,reserve,1.041732553,0
67,0,70,2,49,,primary,sustained_reserve,15,3523441179529093915,7,2,no_candidate_plan_within_declared_model,0.260770388,2,0.173720209,0.72400023,1.785263536,,0.468340895,54,1,0,607,0.055024111,0,-0.497860111,0.671441271,-2.42966157,0.0,63,69,70,evaluation,71,10,0.0,70,0,2,tight_budget,0,0,2,1.5,sustained_reserve,1.041732553,0
56,,,,48,,primary,reserve,11,17695181745786663424,8,2,,0.0,2,0.0,0.554058009,2.448861316,,0.251750418,40,1,0,607,,0,-7.892583193,0.554058009,,,,,,evaluation,,,0.0,59,6,7,tight_budget,,,,1.5,reserve,0.949877735,0
68,0,71,1,49,,primary,sustained_reserve,16,17695181745786663424,8,2,no_candidate_plan_within_declared_model,0.0,2,0.003071066,0.570675978,2.441433771,,0.260607088,40,1,0,607,0.071501042,0,-7.892583193,0.570675978,-3.267271042,0.0,66,70,71,evaluation,71,14,0.0,71,0,1,tight_budget,0,0,1,1.5,sustained_reserve,0.949877735,0
60,,,,45,,primary,reserve,16,14721617548725135238,9,2,,0.0,2,0.0,0.113052468,2.637041234,,0.0,33,1,0,607,,0,-6.464989094,0.113052468,,,,,,evaluation,,,0.0,63,9,0,tight_budget,,,,1.5,reserve,0.967142255,0
67,0,70,2,49,,primary,sustained_reserve,15,14721617548725135238,9,2,no_candidate_plan_within_declared_model,0.089044456,2,0.0,0.206184049,2.384212076,,0.0,38,1,0,607,0.074316412,0,-6.464989094,0.206184049,-3.201521493,0.0,64,69,70,evaluation,71,14,0.0,70,0,2,tight_budget,0,0,2,1.5,sustained_reserve,0.967142255,0
57,,,,45,,primary,reserve,14,17510369190986973238,10,2,,0.203273799,2,0.185332385,0.661125069,1.943983683,,0.395967603,51,1,0,607,,0,-5.167412753,0.654026923,,,,,,evaluation,,,0.0,60,10,2,tight_budget,,,,1.5,reserve,1.040265661,0
67,0,70,2,49,,primary,sustained_reserve,15,17510369190986973238,10,2,no_candidate_plan_within_declared_model,0.25252181,2,0.17532951,0.667468507,1.851756714,,0.388775759,53,1,0,607,0.067393729,0,-0.842476404,0.660018221,-2.651848307,0.0,63,70,70,evaluation,71,11,0.0,70,0,2,tight_budget,0,0,2,1.5,sustained_reserve,1.040265661,0
54,,,,44,,primary,reserve,12,6576852216492918907,11,2,,0.147530449,2,0.0,0.426248737,2.032528674,,0.125402782,49,1,0,607,,0,-5.517479005,0.426248737,,,,,,evaluation,,,0.0,57,8,7,tight_budget,,,,1.5,reserve,1.03851423,0
68,0,71,1,49,,primary,sustained_reserve,16,6576852216492918907,11,2,no_candidate_plan_within_declared_model,0.163378189,2,0.0,0.429945941,2.048094332,,0.104436253,47,1,0,607,0.085287715,0,-1.487278032,0.429945941,-2.908880017,0.0,63,71,71,evaluation,71,10,0.0,71,0,1,tight_budget,0,0,1,1.5,sustained_reserve,1.03851423,0
53,,,,47,,primary,reserve,9,14214392750224757803,12,2,,0.247525765,2,0.0,0.521872599,1.721449055,,0.306352389,56,1,0,607,,0,-3.006712551,0.521872599,,,,,,evaluation,,,0.0,56,10,6,tight_budget,,,,1.5,reserve,1.06525873,0
67,0,70,2,49,,primary,sustained_reserve,15,14214392750224757803,12,2,no_candidate_plan_within_declared_model,0.3093328,2,0.0,0.563879767,1.579512651,,0.343823006,59,1,0,607,0.057851144,0,-1.700003492,0.563879767,-2.221162517,0.0,64,70,70,evaluation,71,12,0.0,70,0,2,tight_budget,0,0,2,1.5,sustained_reserve,1.06525873,0
46,,,,37,,primary,reserve,7,17711000375883169700,13,2,,0.184593492,2,0.275104162,0.577022167,1.961901947,,0.44998377,50,1,0,607,,0,-7.85138531,0.577022167,,,,,,evaluation,,,0.0,49,16,7,tight_budget,,,,1.5,reserve,1.018857442,0
67,0,70,2,49,,primary,sustained_reserve,15,17711000375883169700,13,2,no_candidate_plan_within_declared_model,0.27913424,2,0.259502861,0.650434928,1.75817176,,0.449834228,55,1,0,607,0.035799453,0,3.976333326,0.650434928,-2.220499919,0.0,60,70,70,evaluation,71,9,0.0,70,0,2,tight_budget,0,0,2,1.5,sustained_reserve,1.018857442,0
60,,,,47,,primary,reserve,15,9089680143257946982,14,2,,0.0995865,2,0.084860546,0.617326816,2.24054867,,0.340471464,44,1,0,607,,0,-3.181812243,0.617326816,,,,,,evaluation,,,0.0,63,9,0,tight_budget,,,,1.5,reserve,0.955797969,0
68,0,71,1,49,,primary,sustained_reserve,16,9089680143257946982,14,2,no_candidate_plan_within_declared_model,0.124339289,2,0.077908121,0.620453369,2.194491716,,0.339597062,45,1,0,607,0.063740186,0,-3.181812243,0.620453369,-3.167020542,0.0,67,71,71,evaluation,71,13,0.0,71,0,1,tight_budget,0,0,1,1.5,sustained_reserve,0.955797969,0
50,,,,43,,primary,reserve,9,8841990479080573860,15,2,,0.095800944,2,0.016751185,0.581345958,2.12875907,,0.373928285,47,1,0,607,,0,-4.680040622,0.581345958,,,,,,evaluation,,,0.0,53,16,3,tight_budget,,,,1.5,reserve,0.998890243,0
68,0,71,1,49,,primary,sustained_reserve,16,8841990479080573860,15,2,no_candidate_plan_within_declared_model,0.169044977,2,0.015730059,0.605498639,1.968384747,,0.380615742,51,1,0,607,0.095793187,0,3.7585763,0.605498639,-2.612247683,0.0,59,71,71,evaluation,71,11,0.0,71,0,1,tight_budget,0,0,1,1.5,sustained_reserve,0.998890243,0
69,,,,72,,primary,reserve,0,9739973216299283601,0,2,,0.0,2,0.182795273,0.569392482,2.630763699,,0.154425971,34,1,0,401,,0,,0.569392482,,,,,,evaluation,,,0.0,72,0,0,zero_budget,,,,0.0,reserve,1.085376579,0
69,0,72,0,72,,primary,sustained_reserve,0,9739973216299283601,0,2,no_candidate_plan_within_declared_model,0.0,2,0.182795273,0.569392482,2.630763699,,0.154425971,34,1,0,401,0.045789256,0,,0.569392482,-3.279638013,0.0,70,72,72,evaluation,71,8,0.0,72,0,0,zero_budget,0,0,0,0.0,sustained_reserve,1.085376579,0
69,,,,72,,primary,reserve,0,497360197865448171,1,2,,0.0,2,0.0,0.296664242,2.949717033,,0.0,31,1,0,401,,0,,0.296664242,,,,,,evaluation,,,0.0,72,0,0,zero_budget,,,,0.0,reserve,1.095106971,0
69,0,72,0,72,,primary,sustained_reserve,0,497360197865448171,1,2,no_candidate_plan_within_declared_model,0.0,2,0.0,0.296664242,2.949717033,,0.0,31,1,0,401,0.080181795,0,,0.296664242,-3.621396107,0.0,69,72,72,evaluation,71,13,0.0,72,0,0,zero_budget,0,0,0,0.0,sustained_reserve,1.095106971,0
69,,,,72,,primary,reserve,0,15804009067095553024,2,2,,0.0,2,0.119839306,0.545597019,2.648998712,,0.150793366,33,1,0,401,,0,,0.545597019,,,,,,evaluation,,,0.0,72,0,0,zero_budget,,,,0.0,reserve,0.991186596,0
69,0,72,0,72,,primary,sustained_reserve,0,15804009067095553024,2,2,no_candidate_plan_within_declared_model,0.0,2,0.119839306,0.545597019,2.648998712,,0.150793366,33,1,0,401,0.064364887,0,,0.545597019,-3.191478954,0.0,68,71,72,evaluation,71,14,0.0,72,0,0,zero_budget,0,0,0,0.0,sustained_reserve,0.991186596,0
69,,,,72,,primary,reserve,0,14732801067571324980,3,2,,0.0,2,0.0,0.466018125,2.711323268,,0.01090158,35,1,0,401,,0,,0.466018125,,,,,,evaluation,,,0.0,72,0,0,zero_budget,,,,0.0,reserve,1.09696195,0
69,0,72,0,72,,primary,sustained_reserve,0,14732801067571324980,3,2,no_candidate_plan_within_declared_model,0.0,2,0.0,0.466018125,2.711323268,,0.01090158,35,1,0,401,0.054552642,0,,0.466018125,-3.427216044,0.0,70,72,72,evaluation,71,14,0.0,72,0,0,zero_budget,0,0,0,0.0,sustained_reserve,1.09696195,0
69,,,,72,,primary,reserve,0,10355017696138457399,4,2,,0.0,2,0.0,0.475078961,2.786955859,,0.044284046,31,1,0,401,,0,,0.475078961,,,,,,evaluation,,,0.0,72,0,0,zero_budget,,,,0.0,reserve,0.941465469,0
69,0,72,0,72,,primary,sustained_reserve,0,10355017696138457399,4,2,no_candidate_plan_within_declared_model,0.0,2,0.0,0.475078961,2.786955859,,0.044284046,31,1,0,401,0.059275474,0,,0.475078961,-3.628174648,0.0,66,72,72,evaluation,71,13,0.0,72,0,0,zero_budget,0,0,0,0.0,sustained_reserve,0.941465469,0
69,,,,72,,primary,reserve,0,13382216273069640739,5,2,,0.0,2,0.0,0.374591708,3.154987043,,0.0,27,1,0,401,,0,,0.374591708,,,,,,evaluation,,,0.0,72,0,0,zero_budget,,,,0.0,reserve,1.000877588,0
69,0,72,0,72,,primary,sustained_reserve,0,13382216273069640739,5,2,no_candidate_plan_within_declared_model,0.0,2,0.0,0.374591708,3.154987043,,0.0,27,1,0,401,0.070942324,0,,0.374591708,-4.037679663,0.0,68,72,72,evaluation,71,11,0.0,72,0,0,zero_budget,0,0,0,0.0,sustained_reserve,1.000877588,0
69,,,,72,,primary,reserve,0,8312166938144218161,6,2,,0.0,2,0.134467869,0.542999659,2.648993482,,0.153061601,36,1,0,401,,0,,0.542999659,,,,,,evaluation,,,0.0,72,0,0,zero_budget,,,,0.0,reserve,1.093848442,0
69,0,72,0,72,,primary,sustained_reserve,0,8312166938144218161,6,2,no_candidate_plan_within_declared_model,0.0,2,0.134467869,0.542999659,2.648993482,,0.153061601,36,1,0,401,0.088085932,0,,0.542999659,-3.347976034,0.0,67,72,72,evaluation,71,15,0.0,72,0,0,zero_budget,0,0,0,0.0,sustained_reserve,1.093848442,0
69,,,,72,,primary,reserve,0,3962705183372991719,7,2,,0.0,2,0.0,0.444493381,2.589493296,,0.0,38,1,0,401,,0,,0.444286602,,,,,,evaluation,,,0.0,72,0,0,zero_budget,,,,0.0,reserve,1.077043482,0
69,0,72,0,72,,primary,sustained_reserve,0,3962705183372991719,7,2,no_candidate_plan_within_declared_model,0.0,2,0.0,0.444493381,2.589493296,,0.0,38,1,0,401,0.102246054,0,,0.444286602,-3.340777012,0.0,65,71,72,evaluation,71,16,0.0,72,0,0,zero_budget,0,0,0,0.0,sustained_reserve,1.077043482,0
69,,,,72,,primary,reserve,0,466494984581002872,8,2,,0.0,2,0.024195671,0.500316646,2.889243709,,0.068435106,32,1,0,401,,0,,0.500316646,,,,,,evaluation,,,0.0,72,0,0,zero_budget,,,,0.0,reserve,1.030349678,0
69,0,72,0,72,,primary,sustained_reserve,0,466494984581002872,8,2,no_candidate_plan_within_declared_model,0.0,2,0.024195671,0.500316646,2.889243709,,0.068435106,32,1,0,401,0.036393099,0,,0.500316646,-3.43893243,0.0,67,72,72,evaluation,71,10,0.0,72,0,0,zero_budget,0,0,0,0.0,sustained_reserve,1.030349678,0
69,,,,72,,primary,reserve,0,688483036858962540,9,2,,0.0,2,0.0,0.452735626,2.862303971,,0.0,30,1,0,401,,0,,0.452735626,,,,,,evaluation,,,0.0,72,0,0,zero_budget,,,,0.0,reserve,0.956910535,0
69,0,72,0,72,,primary,sustained_reserve,0,688483036858962540,9,2,no_candidate_plan_within_declared_model,0.0,2,0.0,0.452735626,2.862303971,,0.0,30,1,0,401,0.067320846,0,,0.452735626,-3.784961426,0.0,70,72,72,evaluation,71,15,0.0,72,0,0,zero_budget,0,0,0,0.0,sustained_reserve,0.956910535,0
69,,,,72,,primary,reserve,0,14845051279084890245,10,2,,0.0,2,0.121708055,0.54529443,2.919572108,,0.128983067,25,1,0,401,,0,,0.54529443,,,,,,evaluation,,,0.0,72,0,0,zero_budget,,,,0.0,reserve,0.88990451,0
69,0,72,0,72,,primary,sustained_reserve,0,14845051279084890245,10,2,no_candidate_plan_within_declared_model,0.0,2,0.121708055,0.54529443,2.919572108,,0.128983067,25,1,0,401,0.060463728,0,,0.54529443,-3.938972531,0.0,70,72,72,evaluation,71,15,0.0,72,0,0,zero_budget,0,0,0,0.0,sustained_reserve,0.88990451,0
69,,,,72,,primary,reserve,0,15323987392304269192,11,2,,0.0,2,0.06478786,0.514276585,2.596966664,,0.062074312,37,1,0,401,,0,,0.514276585,,,,,,evaluation,,,0.0,72,0,0,zero_budget,,,,0.0,reserve,1.080590093,0
69,0,72,0,72,,primary,sustained_reserve,0,15323987392304269192,11,2,no_candidate_plan_within_declared_model,0.0,2,0.06478786,0.514276585,2.596966664,,0.062074312,37,1,0,401,0.06327096,0,,0.514276585,-3.162515115,0.0,70,72,72,evaluation,71,11,0.0,72,0,0,zero_budget,0,0,0,0.0,sustained_reserve,1.080590093,0
69,,,,72,,primary,reserve,0,10183718752960407178,12,2,,0.0,2,0.145184168,0.543424252,2.73936083,,0.13082075,31,1,0,401,,0,,0.543424252,,,,,,evaluation,,,0.0,72,0,0,zero_budget,,,,0.0,reserve,0.936249816,0
69,0,72,0,72,,primary,sustained_reserve,0,10183718752960407178,12,2,no_candidate_plan_within_declared_model,0.0,2,0.145184168,0.543424252,2.73936083,,0.13082075,31,1,0,401,0.061118489,0,,0.543424252,-3.293891025,0.0,68,71,72,evaluation,71,11,0.0,72,0,0,zero_budget,0,0,0,0.0,sustained_reserve,0.936249816,0
69,,,,72,,primary,reserve,0,3094801267066550008,13,2,,0.0,2,0.0,0.47127776,2.932097377,,0.025402334,28,1,0,401,,0,,0.47127776,,,,,,evaluation,,,0.0,72,0,0,zero_budget,,,,0.0,reserve,0.948726068,0
69,0,72,0,72,,primary,sustained_reserve,0,3094801267066550008,13,2,no_candidate_plan_within_declared_model,0.0,2,0.0,0.47127776,2.932097377,,0.025402334,28,1,0,401,0.060046769,0,,0.47127776,-3.73672251,0.0,69,72,72,evaluation,71,14,0.0,72,0,0,zero_budget,0,0,0,0.0,sustained_reserve,0.948726068,0
69,,,,72,,primary,reserve,0,11517108206777865013,14,2,,0.0,2,0.0,0.266393632,3.033580042,,0.0,29,1,0,401,,0,,0.266393632,,,,,,evaluation,,,0.0,72,0,0,zero_budget,,,,0.0,reserve,0.944440005,0
69,0,72,0,72,,primary,sustained_reserve,0,11517108206777865013,14,2,no_candidate_plan_within_declared_model,0.0,2,0.0,0.266393632,3.033580042,,0.0,29,1,0,401,0.059089847,0,,0.266393632,-3.485388922,0.0,66,71,72,evaluation,71,16,0.0,72,0,0,zero_budget,0,0,0,0.0,sustained_reserve,0.944440005,0
69,,,,72,,primary,reserve,0,18309698995908524757,15,2,,0.0,2,0.0,0.403243042,2.784515718,,0.0,35,1,0,401,,0,,0.403243042,,,,,,evaluation,,,0.0,72,0,0,zero_budget,,,,0.0,reserve,1.115839898,0
69,0,72,0,72,,primary,sustained_reserve,0,18309698995908524757,15,2,no_candidate_plan_within_declared_model,0.0,2,0.0,0.403243042,2.784515718,,0.0,35,1,0,401,0.072871189,0,,0.403243042,-3.516742748,0.0,69,72,72,evaluation,71,10,0.0,72,0,0,zero_budget,0,0,0,0.0,sustained_reserve,1.115839898,0
69,,,,72,,primary,reserve,0,14507246535438184655,0,2,,0.0,2,0.0,0.456578085,2.948860142,,0.0,29,1,0,503,,0,,0.456578085,,,,,,evaluation,,,0.0,72,0,0,zero_budget,,,,0.0,reserve,0.995031341,0
69,0,72,0,72,,primary,sustained_reserve,0,14507246535438184655,0,2,no_candidate_plan_within_declared_model,0.0,2,0.0,0.456578085,2.948860142,,0.0,29,1,0,503,0.103992071,0,,0.456578085,-3.947220403,0.0,69,72,72,evaluation,71,11,0.0,72,0,0,zero_budget,0,0,0,0.0,sustained_reserve,0.995031341,0
69,,,,72,,primary,reserve,0,7502164766355850473,1,2,,0.0,2,0.121736353,0.547658343,2.723767319,,0.142889,30,1,0,503,,0,,0.547658343,,,,,,evaluation,,,0.0,72,0,0,zero_budget,,,,0.0,reserve,0.917809527,0
69,0,72,0,72,,primary,sustained_reserve,0,7502164766355850473,1,2,no_candidate_plan_within_declared_model,0.0,2,0.121736353,0.547658343,2.723767319,,0.142889,30,1,0,503,0.067316547,0,,0.547658343,-3.263925938,0.0,69,72,72,evaluation,71,12,0.0,72,0,0,zero_budget,0,0,0,0.0,sustained_reserve,0.917809527,0
69,,,,72,,primary,reserve,0,1392972506535981944,2,2,,0.0,2,0.0,0.416342483,2.856397769,,0.0,28,1,0,503,,0,,0.416342483,,,,,,evaluation,,,0.0,72,0,0,zero_budget,,,,0.0,reserve,0.892003597,0
69,0,72,0,72,,primary,sustained_reserve,0,1392972506535981944,2,2,no_candidate_plan_within_declared_model,0.0,2,0.0,0.416342483,2.856397769,,0.0,28,1,0,503,0.079332019,0,,0.416342483,-3.531073694,0.0,67,71,72,evaluation,71,14,0.0,72,0,0,zero_budget,0,0,0,0.0,sustained_reserve,0.892003597,0
69,,,,72,,primary,reserve,0,16650437693641795717,3,2,,0.0,2,0.0,0.253248494,2.670465235,,0.0,33,1,0,503,,0,,0.253248494,,,,,,evaluation,,,0.0,72,0,0,zero_budget,,,,0.0,reserve,1.104189257,0
69,0,72,0,72,,primary,sustained_reserve,0,16650437693641795717,3,2,no_candidate_plan_within_declared_model,0.0,2,0.0,0.253248494,2.670465235,,0.0,33,1,0,503,0.082399753,0,,0.253248494,-3.125168569,0.0,67,72,72,evaluation,71,10,0.0,72,0,0,zero_budget,0,0,0,0.0,sustained_reserve,1.104189257,0
69,,,,72,,primary,reserve,0,15260285073911315825,4,2,,0.0,2,0.0,0.413339949,2.819260865,,0.0,31,1,0,503,,0,,0.413339949,,,,,,evaluation,,,0.0,72,0,0,zero_budget,,,,0.0,reserve,1.010323814,0
69,0,72,0,72,,primary,sustained_reserve,0,15260285073911315825,4,2,no_candidate_plan_within_declared_model,0.0,2,0.0,0.413339949,2.819260865,,0.0,31,1,0,503,0.065816056,0,,0.413339949,-3.582918298,0.0,70,72,72,evaluation,71,11,0.0,72,0,0,zero_budget,0,0,0,0.0,sustained_reserve,1.010323814,0
69,,,,72,,primary,reserve,0,9033986013164043777,5,2,,0.0,2,0.0,0.202991267,3.155338292,,0.0,28,1,0,503,,0,,0.202991267,,,,,,evaluation,,,0.0,72,0,0,zero_budget,,,,0.0,reserve,1.011195509,0
69,0,72,0,72,,primary,sustained_reserve,0,9033986013164043777,5,2,no_candidate_plan_within_declared_model,0.0,2,0.0,0.202991267,3.155338292,,0.0,28,1,0,503,0.108656162,0,,0.202991267,-4.089485792,0.0,66,72,72,evaluation,71,13,0.0,72,0,0,zero_budget,0,0,0,0.0,sustained_reserve,1.011195509,0
69,,,,72,,primary,reserve,0,11635626335846214484,6,2,,0.0,2,0.0,0.468572778,2.762222333,,0.103993753,33,1,0,503,,0,,0.468572778,,,,,,evaluation,,,0.0,72,0,0,zero_budget,,,,0.0,reserve,1.016079949,0
69,0,72,0,72,,primary,sustained_reserve,0,11635626335846214484,6,2,no_candidate_plan_within_declared_model,0.0,2,0.0,0.468572778,2.762222333,,0.103993753,33,1,0,503,0.146294023,0,,0.468572778,-3.803638111,0.0,69,72,72,evaluation,71,12,0.0,72,0,0,zero_budget,0,0,0,0.0,sustained_reserve,1.016079949,0
69,,,,72,,primary,reserve,0,13525149703185477343,7,2,,0.0,2,0.0,0.0,3.093485147,,0.0,24,1,1,503,,0,,0.0,,,,,,evaluation,,,0.0,72,0,0,zero_budget,,,,0.0,reserve,1.07806954,0
69,0,72,0,72,,primary,sustained_reserve,0,13525149703185477343,7,2,no_candidate_plan_within_declared_model,0.0,2,0.0,0.0,3.093485147,,0.0,24,1,1,503,0.06852341,0,,0.0,-3.750143414,0.0,68,72,72,evaluation,71,10,0.0,72,0,0,zero_budget,0,0,0,0.0,sustained_reserve,1.07806954,0
69,,,,72,,primary,reserve,0,17705892780363619842,8,2,,0.0,2,0.0,0.473875255,2.973232109,,0.052605013,30,1,0,503,,0,,0.473875255,,,,,,evaluation,,,0.0,72,0,0,zero_budget,,,,0.0,reserve,1.043164934,0
69,0,72,0,72,,primary,sustained_reserve,0,17705892780363619842,8,2,no_candidate_plan_within_declared_model,0.0,2,0.0,0.473875255,2.973232109,,0.052605013,30,1,0,503,0.070443882,0,,0.473875255,-3.407876842,0.0,70,72,72,evaluation,71,8,0.0,72,0,0,zero_budget,0,0,0,0.0,sustained_reserve,1.043164934,0
69,,,,72,,primary,reserve,0,12589318634424385521,9,2,,0.0,2,0.0,0.323919501,3.008615514,,0.0,25,1,0,503,,0,,0.323919501,,,,,,evaluation,,,0.0,72,0,0,zero_budget,,,,0.0,reserve,0.880743217,0
69,0,72,0,72,,primary,sustained_reserve,0,12589318634424385521,9,2,no_candidate_plan_within_declared_model,0.0,2,0.0,0.323919501,3.008615514,,0.0,25,1,0,503,0.102127132,0,,0.323919501,-3.937189053,0.0,67,71,72,evaluation,71,14,0.0,72,0,0,zero_budget,0,0,0,0.0,sustained_reserve,0.880743217,0
69,,,,72,,primary,reserve,0,4053438918554722444,10,2,,0.0,2,0.0,0.411295782,3.050341013,,0.0,28,1,0,503,,0,,0.411295782,,,,,,evaluation,,,0.0,72,0,0,zero_budget,,,,0.0,reserve,0.997987742,0
69,0,72,0,72,,primary,sustained_reserve,0,4053438918554722444,10,2,no_candidate_plan_within_declared_model,0.0,2,0.0,0.411295782,3.050341013,,0.0,28,1,0,503,0.059868329,0,,0.411295782,-3.731923664,0.0,66,72,72,evaluation,71,14,0.0,72,0,0,zero_budget,0,0,0,0.0,sustained_reserve,0.997987742,0
69,,,,72,,primary,reserve,0,17731734540527883231,11,2,,0.0,2,0.0,0.443764937,2.939082093,,0.039127506,31,1,0,503,,0,,0.443764937,,,,,,evaluation,,,0.0,72,0,0,zero_budget,,,,0.0,reserve,0.978452915,0
69,0,72,0,72,,primary,sustained_reserve,0,17731734540527883231,11,2,no_candidate_plan_within_declared_model,0.0,2,0.0,0.443764937,2.939082093,,0.039127506,31,1,0,503,0.108875072,0,,0.443764937,-3.610394513,0.0,69,72,72,evaluation,71,10,0.0,72,0,0,zero_budget,0,0,0,0.0,sustained_reserve,0.978452915,0
69,,,,72,,primary,reserve,0,10779228214608787929,12,2,,0.0,2,0.0,0.256422643,2.935231548,,0.0,33,1,0,503,,0,,0.256422643,,,,,,evaluation,,,0.0,72,0,0,zero_budget,,,,0.0,reserve,1.103951062,0
69,0,72,0,72,,primary,sustained_reserve,0,10779228214608787929,12,2,no_candidate_plan_within_declared_model,0.0,2,0.0,0.256422643,2.935231548,,0.0,33,1,0,503,0.088482613,0,,0.256422643,-3.77257735,0.0,70,71,72,evaluation,71,18,0.0,72,0,0,zero_budget,0,0,0,0.0,sustained_reserve,1.103951062,0
69,,,,72,,primary,reserve,0,160552893719091600,13,2,,0.0,2,0.0,0.441920106,3.215253906,,0.0,24,1,0,503,,0,,0.441920106,,,,,,evaluation,,,0.0,72,0,0,zero_budget,,,,0.0,reserve,0.944708408,0
69,0,72,0,72,,primary,sustained_reserve,0,160552893719091600,13,2,no_candidate_plan_within_declared_model,0.0,2,0.0,0.441920106,3.215253906,,0.0,24,1,0,503,0.038929964,0,,0.441920106,-3.786529294,0.0,71,72,72,evaluation,71,11,0.0,72,0,0,zero_budget,0,0,0,0.0,sustained_reserve,0.944708408,0
69,,,,72,,primary,reserve,0,11556184036138153309,14,2,,0.0,2,0.0,0.401630571,2.664335975,,0.006741488,35,1,0,503,,0,,0.401630571,,,,,,evaluation,,,0.0,72,0,0,zero_budget,,,,0.0,reserve,0.996827895,0
69,0,72,0,72,,primary,sustained_reserve,0,11556184036138153309,14,2,no_candidate_plan_within_declared_model,0.0,2,0.0,0.401630571,2.664335975,,0.006741488,35,1,0,503,0.0733244,0,,0.401630571,-3.306762129,0.0,67,72,72,evaluation,71,12,0.0,72,0,0,zero_budget,0,0,0,0.0,sustained_reserve,0.996827895,0
69,,,,72,,primary,reserve,0,17859448831562131230,15,2,,0.0,2,0.0,0.059607432,3.127442485,,0.0,27,1,1,503,,0,,0.059607432,,,,,,evaluation,,,0.0,72,0,0,zero_budget,,,,0.0,reserve,0.961763292,0
69,0,72,0,72,,primary,sustained_reserve,0,17859448831562131230,15,2,no_candidate_plan_within_declared_model,0.0,2,0.0,0.059607432,3.127442485,,0.0,27,1,1,503,0.05715038,0,,0.059607432,-3.933086509,0.0,71,72,72,evaluation,71,14,0.0,72,0,0,zero_budget,0,0,0,0.0,sustained_reserve,0.961763292,0
69,,,,72,,primary,reserve,0,16519582356538312397,0,2,,0.0,2,0.0,0.459631692,2.940540854,,0.005398389,29,1,0,607,,0,,0.459631692,,,,,,evaluation,,,0.0,72,0,0,zero_budget,,,,0.0,reserve,0.968238088,0
69,0,72,0,72,,primary,sustained_reserve,0,16519582356538312397,0,2,no_candidate_plan_within_declared_model,0.0,2,0.0,0.459631692,2.940540854,,0.005398389,29,1,0,607,0.066018323,0,,0.459631692,-3.674940061,0.0,70,72,72,evaluation,71,13,0.0,72,0,0,zero_budget,0,0,0,0.0,sustained_reserve,0.968238088,0
69,,,,72,,primary,reserve,0,15014598973633559170,1,2,,0.0,2,0.0,0.380817801,2.600545345,,0.0,35,1,0,607,,0,,0.380817801,,,,,,evaluation,,,0.0,72,0,0,zero_budget,,,,0.0,reserve,1.005950372,0
69,0,72,0,72,,primary,sustained_reserve,0,15014598973633559170,1,2,no_candidate_plan_within_declared_model,0.0,2,0.0,0.380817801,2.600545345,,0.0,35,1,0,607,0.06803353,0,,0.380817801,-3.395528656,0.0,66,72,72,evaluation,71,14,0.0,72,0,0,zero_budget,0,0,0,0.0,sustained_reserve,1.005950372,0
69,,,,72,,primary,reserve,0,14352298113746820703,2,2,,0.0,2,0.0,0.411948335,3.090266771,,0.008552418,27,1,0,607,,0,,0.411948335,,,,,,evaluation,,,0.0,72,0,0,zero_budget,,,,0.0,reserve,0.962696493,0
69,0,72,0,72,,primary,sustained_reserve,0,14352298113746820703,2,2,no_candidate_plan_within_declared_model,0.0,2,0.0,0.411948335,3.090266771,,0.008552418,27,1,0,607,0.046754184,0,,0.411948335,-4.062887643,0.0,70,72,72,evaluation,71,13,0.0,72,0,0,zero_budget,0,0,0,0.0,sustained_reserve,0.962696493,0
69,,,,72,,primary,reserve,0,4632938823472088820,3,2,,0.0,2,0.0,0.402731764,3.16906339,,0.0,26,1,0,607,,0,,0.402731764,,,,,,evaluation,,,0.0,72,0,0,zero_budget,,,,0.0,reserve,1.020617821,0
69,0,72,0,72,,primary,sustained_reserve,0,4632938823472088820,3,2,no_candidate_plan_within_declared_model,0.0,2,0.0,0.402731764,3.16906339,,0.0,26,1,0,607,0.066509104,0,,0.402731764,-4.208620903,0.0,71,72,72,evaluation,71,12,0.0,72,0,0,zero_budget,0,0,0,0.0,sustained_reserve,1.020617821,0
69,,,,72,,primary,reserve,0,2287919376212702517,4,2,,0.0,2,0.0,0.34718036,2.796967543,,0.0,33,1,0,607,,0,,0.34718036,,,,,,evaluation,,,0.0,72,0,0,zero_budget,,,,0.0,reserve,1.049919937,0
69,0,72,0,72,,primary,sustained_reserve,0,2287919376212702517,4,2,no_candidate_plan_within_declared_model,0.0,2,0.0,0.34718036,2.796967543,,0.0,33,1,0,607,0.057336158,0,,0.34718036,-3.545718082,0.0,69,72,72,evaluation,71,11,0.0,72,0,0,zero_budget,0,0,0,0.0,sustained_reserve,1.049919937,0
69,,,,72,,primary,reserve,0,12382382542312678492,5,2,,0.0,2,0.0,0.476062211,2.651793291,,0.100207943,34,1,0,607,,0,,0.476062211,,,,,,evaluation,,,0.0,72,0,0,zero_budget,,,,0.0,reserve,0.978622796,0
69,0,72,0,72,,primary,sustained_reserve,0,12382382542312678492,5,2,no_candidate_plan_within_declared_model,0.0,2,0.0,0.476062211,2.651793291,,0.100207943,34,1,0,607,0.05456011,0,,0.476062211,-3.58747012,0.0,69,72,72,evaluation,71,16,0.0,72,0,0,zero_budget,0,0,0,0.0,sustained_reserve,0.978622796,0
69,,,,72,,primary,reserve,0,4428411888319307125,6,2,,0.0,2,0.115392929,0.540932743,2.604537061,,0.107413479,34,1,0,607,,0,,0.540932743,,,,,,evaluation,,,0.0,72,0,0,zero_budget,,,,0.0,reserve,0.956763566,0
69,0,72,0,72,,primary,sustained_reserve,0,4428411888319307125,6,2,no_candidate_plan_within_declared_model,0.0,2,0.115392929,0.540932743,2.604537061,,0.107413479,34,1,0,607,0.108342763,0,,0.540932743,-3.319408853,0.0,68,71,72,evaluation,71,13,0.0,72,0,0,zero_budget,0,0,0,0.0,sustained_reserve,0.956763566,0
69,,,,72,,primary,reserve,0,3523441179529093915,7,2,,0.0,2,0.032282972,0.49985427,2.745773105,,0.139561484,33,1,0,607,,0,,0.49985427,,,,,,evaluation,,,0.0,72,0,0,zero_budget,,,,0.0,reserve,1.041732553,0
69,0,72,0,72,,primary,sustained_reserve,0,3523441179529093915,7,2,no_candidate_plan_within_declared_model,0.0,2,0.032282972,0.49985427,2.745773105,,0.139561484,33,1,0,607,0.055024111,0,,0.49985427,-3.381130126,0.0,68,72,72,evaluation,71,9,0.0,72,0,0,zero_budget,0,0,0,0.0,sustained_reserve,1.041732553,0
69,,,,72,,primary,reserve,0,17695181745786663424,8,2,,0.0,2,0.0,0.425715255,3.177971936,,0.0,26,1,0,607,,0,,0.425715255,,,,,,evaluation,,,0.0,72,0,0,zero_budget,,,,0.0,reserve,0.949877735,0
69,0,72,0,72,,primary,sustained_reserve,0,17695181745786663424,8,2,no_candidate_plan_within_declared_model,0.0,2,0.0,0.425715255,3.177971936,,0.0,26,1,0,607,0.071143582,0,,0.425715255,-3.994783987,0.0,70,72,72,evaluation,71,16,0.0,72,0,0,zero_budget,0,0,0,0.0,sustained_reserve,0.949877735,0
69,,,,72,,primary,reserve,0,14721617548725135238,9,2,,0.0,2,0.0,0.0,3.254134783,,0.0,21,1,1,607,,0,,0.0,,,,,,evaluation,,,0.0,72,0,0,zero_budget,,,,0.0,reserve,0.967142255,0
69,0,72,0,72,,primary,sustained_reserve,0,14721617548725135238,9,2,no_candidate_plan_within_declared_model,0.0,2,0.0,0.0,3.254134783,,0.0,21,1,1,607,0.070962436,0,,0.0,-4.094373573,0.0,68,72,72,evaluation,71,17,0.0,72,0,0,zero_budget,0,0,0,0.0,sustained_reserve,0.967142255,0
69,,,,72,,primary,reserve,0,17510369190986973238,10,2,,0.0,2,0.019548238,0.497727997,2.8884666,,0.018724066,30,1,0,607,,0,,0.497727997,,,,,,evaluation,,,0.0,72,0,0,zero_budget,,,,0.0,reserve,1.040265661,0
69,0,72,0,72,,primary,sustained_reserve,0,17510369190986973238,10,2,no_candidate_plan_within_declared_model,0.0,2,0.019548238,0.497727997,2.8884666,,0.018724066,30,1,0,607,0.069257649,0,,0.497727997,-3.643734498,0.0,69,71,72,evaluation,71,13,0.0,72,0,0,zero_budget,0,0,0,0.0,sustained_reserve,1.040265661,0
69,,,,72,,primary,reserve,0,6576852216492918907,11,2,,0.0,2,0.0,0.268652685,2.879665608,,0.0,31,1,0,607,,0,,0.268652685,,,,,,evaluation,,,0.0,72,0,0,zero_budget,,,,0.0,reserve,1.03851423,0
69,0,72,0,72,,primary,sustained_reserve,0,6576852216492918907,11,2,no_candidate_plan_within_declared_model,0.0,2,0.0,0.268652685,2.879665608,,0.0,31,1,0,607,0.098974889,0,,0.268652685,-3.745811121,0.0,70,72,72,evaluation,71,11,0.0,72,0,0,zero_budget,0,0,0,0.0,sustained_reserve,1.03851423,0
69,,,,72,,primary,reserve,0,14214392750224757803,12,2,,0.0,2,0.0,0.403400577,2.604996274,,0.0,35,1,0,607,,0,,0.403400577,,,,,,evaluation,,,0.0,72,0,0,zero_budget,,,,0.0,reserve,1.06525873,0
69,0,72,0,72,,primary,sustained_reserve,0,14214392750224757803,12,2,no_candidate_plan_within_declared_model,0.0,2,0.0,0.403400577,2.604996274,,0.0,35,1,0,607,0.053796237,0,,0.403400577,-3.283299002,0.0,67,72,72,evaluation,71,15,0.0,72,0,0,zero_budget,0,0,0,0.0,sustained_reserve,1.06525873,0
69,,,,72,,primary,reserve,0,17711000375883169700,13,2,,0.0,2,0.137215427,0.550520712,2.790828843,,0.119333055,32,1,0,607,,0,,0.550520712,,,,,,evaluation,,,0.0,72,0,0,zero_budget,,,,0.0,reserve,1.018857442,0
69,0,72,0,72,,primary,sustained_reserve,0,17711000375883169700,13,2,no_candidate_plan_within_declared_model,0.0,2,0.137215427,0.550520712,2.790828843,,0.119333055,32,1,0,607,0.049003644,0,,0.550520712,-3.244251555,0.0,67,72,72,evaluation,71,9,0.0,72,0,0,zero_budget,0,0,0,0.0,sustained_reserve,1.018857442,0
69,,,,72,,primary,reserve,0,9089680143257946982,14,2,,0.0,2,0.0,0.468948606,3.007093612,,0.002401758,28,1,0,607,,0,,0.468948606,,,,,,evaluation,,,0.0,72,0,0,zero_budget,,,,0.0,reserve,0.955797969,0
69,0,72,0,72,,primary,sustained_reserve,0,9089680143257946982,14,2,no_candidate_plan_within_declared_model,0.0,2,0.0,0.468948606,3.007093612,,0.002401758,28,1,0,607,0.065924955,0,,0.468948606,-3.985225082,0.0,69,72,72,evaluation,71,13,0.0,72,0,0,zero_budget,0,0,0,0.0,sustained_reserve,0.955797969,0
69,,,,72,,primary,reserve,0,8841990479080573860,15,2,,0.0,2,0.0,0.406171552,2.886388886,,0.030778711,31,1,0,607,,0,,0.406171552,,,,,,evaluation,,,0.0,72,0,0,zero_budget,,,,0.0,reserve,0.998890243,0
69,0,72,0,72,,primary,sustained_reserve,0,8841990479080573860,15,2,no_candidate_plan_within_declared_model,0.0,2,0.0,0.406171552,2.886388886,,0.030778711,31,1,0,607,0.08120521,0,,0.406171552,-3.53195722,0.0,68,72,72,evaluation,71,11,0.0,72,0,0,zero_budget,0,0,0,0.0,sustained_reserve,0.998890243,0
26,,,,0,,primary,reserve,22,9739973216299283601,0,2,,0.562707323,2,0.640169521,0.807560256,0.706083346,,0.989078187,-1,0,0,401,,0,-8.734587324,0.66828397,,,,,,evaluation,,,0.1996,29,34,9,closer_hidden_boundary,,,,3.8004,reserve,0.759763605,0
67,0,66,6,23,,primary,sustained_reserve,41,9739973216299283601,0,2,no_candidate_plan_within_declared_model,0.773111519,2,0.591848284,0.951878513,0.372805813,,0.842898601,-1,0,0,401,0.04446713,0,3.867281767,0.671377532,-0.821102625,0.0,37,66,48,evaluation,71,8,0.0,70,0,2,closer_hidden_boundary,4,0,2,4.0,sustained_reserve,0.759763605,0
51,,,,12,,primary,reserve,36,497360197865448171,1,2,,0.431346808,2,0.15152595,0.753704844,1.500665809,,0.840917915,46,1,0,401,,0,-9.170306846,0.610618533,,,,,,evaluation,,,0.0,54,17,1,closer_hidden_boundary,,,,4.0,reserve,0.766574879,0
67,0,68,4,23,,primary,sustained_reserve,41,497360197865448171,1,2,no_candidate_plan_within_declared_model,0.637653895,2,0.184883857,0.819461432,0.747219766,,0.772900587,-1,0,0,401,0.072678357,0,-1.839161115,0.623117061,-0.9007647,0.0,56,68,48,evaluation,71,9,0.0,70,0,2,closer_hidden_boundary,2,0,2,4.0,sustained_reserve,0.766574879,0
37,,,,6,,primary,reserve,28,15804009067095553024,2,2,,0.507850317,2,0.607946024,0.984225093,1.130773507,,0.970642422,47,1,0,401,,0,-7.0,0.666268948,,,,,,evaluation,,,0.0,40,25,7,closer_hidden_boundary,,,,4.0,reserve,0.693830617,0
66,0,67,5,23,,primary,sustained_reserve,40,15804009067095553024,2,2,no_candidate_plan_within_declared_model,0.777202639,2,0.574039107,0.960762248,0.365966639,,0.841670838,-1,0,0,401,0.064364887,0,-2.45351883,0.667351804,-0.487237436,0.0,33,67,48,evaluation,71,9,0.0,69,0,3,closer_hidden_boundary,2,0,3,4.0,sustained_reserve,0.693830617,0
24,,,,9,,primary,reserve,18,14732801067571324980,3,2,,0.508227005,2,0.339075597,0.548400567,0.786781118,,0.847099829,71,1,0,401,,0,-10.364594795,0.548400567,,,,,,evaluation,,,0.0,27,22,23,closer_hidden_boundary,,,,4.0,reserve,0.767873365,0
68,0,66,6,23,,primary,sustained_reserve,42,14732801067571324980,3,2,no_candidate_plan_within_declared_model,0.697114699,2,0.441820977,0.755585081,0.485950249,,0.793037711,-1,0,0,401,0.066623741,0,0.117648338,0.648931934,-0.859209453,0.0,49,65,48,evaluation,71,8,0.0,71,0,1,closer_hidden_boundary,5,0,1,4.0,sustained_reserve,0.767873365,0
32,,,,0,,primary,reserve,28,10355017696138457399,4,2,,0.5464691,2,0.506710559,0.726823414,0.959034328,,0.94714117,62,1,0,401,,0,-12.462620169,0.641234388,,,,,,evaluation,,,0.079,35,34,3,closer_hidden_boundary,,,,3.921,reserve,0.659025828,0
66,0,65,7,23,,primary,sustained_reserve,40,10355017696138457399,4,2,no_candidate_plan_within_declared_model,0.751222727,2,0.460078031,0.851665368,0.470114541,,0.802785194,-1,0,0,401,0.052956967,0,-0.824558556,0.650540168,-0.768598242,0.0,38,64,48,evaluation,71,12,0.0,69,0,3,closer_hidden_boundary,4,0,3,4.0,sustained_reserve,0.659025828,0
56,,,,18,,primary,reserve,35,13382216273069640739,5,2,,0.299572405,2,0.14513328,0.693443511,1.860918617,,0.799793448,39,1,0,401,,0,-8.757647028,0.623864197,,,,,,evaluation,,,0.0,59,10,3,closer_hidden_boundary,,,,4.0,reserve,0.700614311,0
66,0,65,7,23,,primary,sustained_reserve,40,13382216273069640739,5,2,no_candidate_plan_within_declared_model,0.426898296,2,0.131860929,0.725406852,1.460965062,,0.75791765,55,1,0,401,0.070698149,0,-7.086376334,0.638505051,-2.317610092,0.0,65,65,48,evaluation,71,10,0.0,69,0,3,closer_hidden_boundary,4,0,3,4.0,sustained_reserve,0.700614311,0
33,,,,6,,primary,reserve,29,8312166938144218161,6,2,,0.580508882,0,0.643635928,0.965958205,0.644777195,,0.962100668,-1,0,0,401,,0,-4.826965134,0.662137523,,,,,,evaluation,,,0.0,36,33,3,closer_hidden_boundary,,,,4.0,reserve,0.765693909,0
67,0,66,6,23,,primary,sustained_reserve,41,8312166938144218161,6,2,no_candidate_plan_within_declared_model,0.753404772,2,0.578215025,0.959560771,0.406372046,,0.8363948,-1,0,0,401,0.049724143,0,-1.23764389,0.662137523,-0.641000173,0.0,33,65,48,evaluation,71,12,0.0,70,0,2,closer_hidden_boundary,4,0,2,4.0,sustained_reserve,0.765693909,0
27,,,,2,,primary,reserve,22,3962705183372991719,7,2,,0.514178875,2,0.445996102,0.692607895,0.738512919,,0.9340831,-1,0,0,401,,0,-9.475332532,0.635449599,,,,,,evaluation,,,0.0,30,27,15,closer_hidden_boundary,,,,4.0,reserve,0.753930437,0
65,0,63,9,23,,primary,sustained_reserve,39,3962705183372991719,7,2,no_candidate_plan_within_declared_model,0.715464714,2,0.44859088,0.841736211,0.44125864,,0.775351104,-1,0,0,401,0.081628491,0,3.636320589,0.654718293,-0.702065289,0.0,34,63,48,evaluation,71,12,0.0,68,0,4,closer_hidden_boundary,5,0,4,4.0,sustained_reserve,0.753930437,0
46,,,,11,,primary,reserve,32,466494984581002872,8,2,,0.260351849,2,0.388756578,0.776609984,1.932403385,,0.915875903,27,1,0,401,,0,-8.770545393,0.612054059,,,,,,evaluation,,,0.0,49,16,7,closer_hidden_boundary,,,,4.0,reserve,0.721244775,0
65,0,67,5,23,,primary,sustained_reserve,39,466494984581002872,8,2,no_candidate_plan_within_declared_model,0.637368204,2,0.426705716,0.845204112,0.714134792,,0.806796972,-1,0,0,401,0.036393099,0,3.016217724,0.661415311,-0.844503316,0.0,46,67,48,evaluation,71,6,0.0,68,1,3,closer_hidden_boundary,1,1,3,4.0,sustained_reserve,0.721244775,0
40,,,,10,,primary,reserve,27,688483036858962540,9,2,,0.443235923,2,0.400930921,0.795106523,1.396771815,,0.913039811,43,1,0,401,,0,-8.318354105,0.649898631,,,,,,evaluation,,,0.0,43,17,12,closer_hidden_boundary,,,,4.0,reserve,0.669837374,0
68,0,69,3,23,,primary,sustained_reserve,42,688483036858962540,9,2,no_candidate_plan_within_declared_model,0.666324566,2,0.412839837,0.881813085,0.594422858,,0.786554588,-1,0,0,401,0.067007285,0,-1.414644025,0.652464543,-1.039232499,0.0,42,68,48,evaluation,71,13,0.0,71,0,1,closer_hidden_boundary,2,0,1,4.0,sustained_reserve,0.669837374,0
47,,,,9,,primary,reserve,35,14845051279084890245,10,2,,0.469148587,2,0.609805333,0.973428894,1.353888156,,0.945326507,40,1,0,401,,0,-11.381596583,0.667741599,,,,,,evaluation,,,0.0,50,21,1,closer_hidden_boundary,,,,4.0,reserve,0.622933157,0
67,0,68,4,23,,primary,sustained_reserve,41,14845051279084890245,10,2,no_candidate_plan_within_declared_model,0.756637548,2,0.575897321,0.965051443,0.418517077,,0.835570062,-1,0,0,401,0.060803541,0,-3.316370763,0.668452244,-0.877705139,0.0,37,67,48,evaluation,71,12,0.0,70,0,2,closer_hidden_boundary,2,0,2,4.0,sustained_reserve,0.622933157,0
20,,,,0,,primary,reserve,16,15323987392304269192,11,2,,0.466396911,2,0.563828859,0.81820276,1.019306584,,0.968425906,57,1,0,401,,0,-11.0,0.665699874,,,,,,evaluation,,,0.1492,23,30,19,closer_hidden_boundary,,,,3.8508,reserve,0.756413065,0
67,0,69,3,23,,primary,sustained_reserve,41,15323987392304269192,11,2,no_candidate_plan_within_declared_model,0.735477108,2,0.557932236,0.955219733,0.401430551,,0.816425169,-1,0,0,401,0.046143562,0,1.639137568,0.667272528,-0.511317802,0.0,29,69,48,evaluation,71,6,0.0,70,0,2,closer_hidden_boundary,1,0,2,4.0,sustained_reserve,0.756413065,0
40,,,,8,,primary,reserve,29,10183718752960407178,12,2,,0.46002777,2,0.570116657,0.832368255,1.318852353,,0.942552042,42,1,0,401,,0,-8.031782674,0.656454664,,,,,,evaluation,,,0.0,43,21,8,closer_hidden_boundary,,,,4.0,reserve,0.655374871,0
66,0,65,7,23,,primary,sustained_reserve,40,10183718752960407178,12,2,no_candidate_plan_within_declared_model,0.733137634,2,0.563211358,0.926780148,0.44339456,,0.819287199,-1,0,0,401,0.058663443,0,1.138370369,0.665735447,-0.692367773,0.0,39,65,48,evaluation,71,5,0.0,69,0,3,closer_hidden_boundary,4,0,3,4.0,sustained_reserve,0.655374871,0
37,,,,11,,primary,reserve,23,3094801267066550008,13,2,,0.401364412,2,0.314910188,0.686956641,1.629119735,,0.871043873,36,1,0,401,,0,-9.997463254,0.581847908,,,,,,evaluation,,,0.0,40,12,20,closer_hidden_boundary,,,,4.0,reserve,0.664108248,0
67,0,66,6,23,,primary,sustained_reserve,41,3094801267066550008,13,2,no_candidate_plan_within_declared_model,0.710995361,2,0.415210733,0.844771387,0.594270038,,0.788167896,-1,0,0,401,0.062079984,0,0.831727192,0.655572388,-0.924199171,0.0,42,65,48,evaluation,71,11,0.0,70,0,2,closer_hidden_boundary,4,0,2,4.0,sustained_reserve,0.664108248,0
43,,,,7,,primary,reserve,33,11517108206777865013,14,2,,0.254145488,2,0.125591949,0.685663711,1.943261972,,0.80093318,32,1,0,401,,0,-13.0,0.583461397,,,,,,evaluation,,,0.0,46,24,2,closer_hidden_boundary,,,,4.0,reserve,0.661108003,0
65,0,66,6,23,,primary,sustained_reserve,39,11517108206777865013,14,2,no_candidate_plan_within_declared_model,0.540851748,2,0.034645954,0.697078116,1.114192639,,0.690081152,62,1,0,401,0.05549857,0,4.034423552,0.618007618,-1.470488268,0.0,52,65,48,evaluation,71,11,0.0,68,0,4,closer_hidden_boundary,2,0,4,4.0,sustained_reserve,0.661108003,0
28,,,,4,,primary,reserve,21,18309698995908524757,15,2,,0.445960316,2,0.346847406,0.771733494,1.173450944,,0.896334386,60,1,0,401,,0,-13.0,0.650340946,,,,,,evaluation,,,0.0,31,22,19,closer_hidden_boundary,,,,4.0,reserve,0.781087929,0
67,0,67,5,23,,primary,sustained_reserve,41,18309698995908524757,15,2,no_candidate_plan_within_declared_model,0.654585403,2,0.382436879,0.924177982,0.625679516,,0.788623457,-1,0,0,401,0.076557358,0,-1.672422038,0.650413016,-0.804455712,0.0,47,67,48,evaluation,71,7,0.0,70,0,2,closer_hidden_boundary,3,0,2,4.0,sustained_reserve,0.781087929,0
44,,,,9,,primary,reserve,32,14507246535438184655,0,2,,0.467202992,2,0.490505005,0.926323235,1.407743983,,0.938202996,43,1,0,503,,0,-11.314942385,0.663859291,,,,,,evaluation,,,0.0,47,21,4,closer_hidden_boundary,,,,4.0,reserve,0.696521939,0
68,0,68,4,23,,primary,sustained_reserve,42,14507246535438184655,0,2,no_candidate_plan_within_declared_model,0.719460223,2,0.481425891,0.937559056,0.550626023,,0.79009363,-1,0,0,503,0.092765733,0,-1.022324541,0.66501214,-1.06866934,0.0,46,66,48,evaluation,71,8,0.0,71,0,1,closer_hidden_boundary,3,0,1,4.0,sustained_reserve,0.696521939,0
39,,,,8,,primary,reserve,28,7502164766355850473,1,2,,0.433256365,2,0.57104616,0.917272615,1.416526228,,0.949149224,35,1,0,503,,0,-8.33654821,0.671847302,,,,,,evaluation,,,0.0,42,17,13,closer_hidden_boundary,,,,4.0,reserve,0.642466669,0
68,0,66,6,23,,primary,sustained_reserve,42,7502164766355850473,1,2,no_candidate_plan_within_declared_model,0.774613206,2,0.583121648,0.968635789,0.39628308,,0.840915833,-1,0,0,503,0.067316547,0,1.17132152,0.671847302,-0.622429496,0.0,35,65,48,evaluation,71,6,0.0,71,0,1,closer_hidden_boundary,5,0,1,4.0,sustained_reserve,0.642466669,0
50,,,,13,,primary,reserve,34,1392972506535981944,2,2,,0.263046565,2,0.355617401,0.868083981,1.8417231,,0.881599161,22,1,0,503,,0,-9.866603673,0.617582034,,,,,,evaluation,,,0.0,53,13,6,closer_hidden_boundary,,,,4.0,reserve,0.624402518,0
66,0,65,7,23,,primary,sustained_reserve,40,1392972506535981944,2,2,no_candidate_plan_within_declared_model,0.685671224,2,0.405485743,0.926981676,0.479396294,,0.790614396,-1,0,0,503,0.079332019,0,3.474066657,0.647066562,-0.794811905,0.0,37,65,48,evaluation,71,9,0.0,69,0,3,closer_hidden_boundary,4,0,3,4.0,sustained_reserve,0.624402518,0
31,,,,3,,primary,reserve,27,16650437693641795717,3,2,,0.570229118,0,0.27123341,0.926345889,0.769161828,,0.913468729,-1,0,0,503,,0,-7.430997698,0.624002893,,,,,,evaluation,,,0.0,34,32,6,closer_hidden_boundary,,,,4.0,reserve,0.77293248,0
67,0,67,5,23,,primary,sustained_reserve,41,16650437693641795717,3,2,no_candidate_plan_within_declared_model,0.738440312,2,0.135600691,0.854035055,0.52945624,,0.718639018,-1,0,0,503,0.088065816,0,-3.615005187,0.623727956,-0.805961291,0.0,39,67,48,evaluation,71,9,0.0,70,0,2,closer_hidden_boundary,3,0,2,4.0,sustained_reserve,0.77293248,0
42,,,,12,,primary,reserve,27,15260285073911315825,4,2,,0.351766952,2,0.247491771,0.679998522,1.658919134,,0.853256376,34,1,0,503,,0,-9.61245683,0.582099193,,,,,,evaluation,,,0.0,45,12,15,closer_hidden_boundary,,,,4.0,reserve,0.70722667,0
68,0,69,3,23,,primary,sustained_reserve,42,15260285073911315825,4,2,no_candidate_plan_within_declared_model,0.664964298,2,0.33519034,0.793291752,0.585535578,,0.784077341,-1,0,0,503,0.060705153,0,0.274053165,0.648183631,-0.90047405,0.0,44,69,48,evaluation,71,10,0.0,71,0,1,closer_hidden_boundary,2,0,1,4.0,sustained_reserve,0.70722667,0
50,,,,10,,primary,reserve,37,9033986013164043777,5,2,,0.285870726,2,0.107535163,0.845952819,1.89059633,,0.818984057,35,1,0,503,,0,-12.883233932,0.629832694,,,,,,evaluation,,,0.0,53,19,0,closer_hidden_boundary,,,,4.0,reserve,0.707836856,0
65,0,67,5,23,,primary,sustained_reserve,39,9033986013164043777,5,2,no_candidate_plan_within_declared_model,0.593947029,2,0.150080938,0.867129856,0.933637892,,0.72326571,66,1,0,503,0.109403648,0,-4.163733712,0.648974946,-1.573916713,0.0,54,67,48,evaluation,71,11,0.0,68,0,4,closer_hidden_boundary,1,0,4,4.0,sustained_reserve,0.707836856,0
42,,,,10,,primary,reserve,29,11635626335846214484,6,2,,0.364676147,2,0.381371656,0.733060398,1.554691629,,0.920756836,39,1,0,503,,0,-7.386899936,0.619978747,,,,,,evaluation,,,0.0,45,19,8,closer_hidden_boundary,,,,4.0,reserve,0.711255964,0
68,0,66,6,23,,primary,sustained_reserve,42,11635626335846214484,6,2,no_candidate_plan_within_declared_model,0.674060349,2,0.4299365,0.843311114,0.560373367,,0.817672999,-1,0,0,503,0.146482166,0,4.145638827,0.659260934,-1.107061588,0.0,39,64,48,evaluation,71,7,0.0,71,0,1,closer_hidden_boundary,5,0,1,4.0,sustained_reserve,0.711255964,0
48,,,,10,,primary,reserve,35,13525149703185477343,7,2,,0.348361714,2,0.0,0.51588166,1.863881778,,0.56029678,37,1,0,503,,0,-13.0,0.504220549,,,,,,evaluation,,,0.0,51,18,3,closer_hidden_boundary,,,,4.0,reserve,0.754648678,0
68,0,67,5,23,,primary,sustained_reserve,42,13525149703185477343,7,2,no_candidate_plan_within_declared_model,0.627588055,2,0.0,0.589677093,1.063802915,,0.57145306,60,1,0,503,0.046090037,0,-0.184648006,0.577961716,-1.557001004,0.0,54,67,48,evaluation,71,6,0.0,71,0,1,closer_hidden_boundary,4,0,1,4.0,sustained_reserve,0.754648678,0
49,,,,10,,primary,reserve,36,17705892780363619842,8,2,,0.395351087,2,0.498020611,0.904006639,1.573722105,,0.925128261,39,1,0,503,,0,-10.653981777,0.64927587,,,,,,evaluation,,,0.0,52,20,0,closer_hidden_boundary,,,,4.0,reserve,0.730215453,0
68,0,69,3,23,,primary,sustained_reserve,42,17705892780363619842,8,2,no_candidate_plan_within_declared_model,0.685856724,2,0.48708147,0.944874607,0.628618072,,0.808706843,-1,0,0,503,0.038487844,0,-1.165232039,0.658409197,-0.782818536,0.0,49,68,48,evaluation,71,8,0.0,71,0,1,closer_hidden_boundary,2,0,1,4.0,sustained_reserve,0.730215453,0
45,,,,12,,primary,reserve,30,12589318634424385521,9,2,,0.310494363,2,0.172623757,0.712878326,1.884970724,,0.838390612,27,1,0,503,,0,-11.0,0.59801055,,,,,,evaluation,,,0.0,48,14,10,closer_hidden_boundary,,,,4.0,reserve,0.616520252,0
68,0,66,6,23,,primary,sustained_reserve,42,12589318634424385521,9,2,no_candidate_plan_within_declared_model,0.68602714,2,0.291411246,0.823610492,0.611616871,,0.756045045,-1,0,0,503,0.103149107,0,-2.904401697,0.635359213,-1.003899647,0.0,49,65,48,evaluation,71,10,0.0,71,0,1,closer_hidden_boundary,5,0,1,4.0,sustained_reserve,0.616520252,0
44,,,,10,,primary,reserve,31,4053438918554722444,10,2,,0.296382715,2,0.287699929,0.837380841,1.769588962,,0.87599634,37,1,0,503,,0,-12.792876398,0.642318762,,,,,,evaluation,,,0.0,47,18,7,closer_hidden_boundary,,,,4.0,reserve,0.69859142,0
68,0,66,6,23,,primary,sustained_reserve,42,4053438918554722444,10,2,no_candidate_plan_within_declared_model,0.597451881,2,0.327721309,0.91967031,0.801935382,,0.772829672,69,1,0,503,0.057805009,0,2.997343794,0.648278407,-1.042256081,0.0,49,65,48,evaluation,71,11,0.0,71,0,1,closer_hidden_boundary,5,0,1,4.0,sustained_reserve,0.69859142,0
47,,,,9,,primary,reserve,35,17731734540527883231,11,2,,0.347450674,2,0.442534045,0.914917924,1.599409874,,0.933258487,37,1,0,503,,0,-11.526371116,0.648428074,,,,,,evaluation,,,0.0,50,22,0,closer_hidden_boundary,,,,4.0,reserve,0.684917041,0
67,0,66,6,23,,primary,sustained_reserve,41,17731734540527883231,11,2,no_candidate_plan_within_declared_model,0.640690444,2,0.401106272,0.934394973,0.635537255,,0.805618737,-1,0,0,503,0.104019398,0,-5.957715195,0.657245,-0.799805403,0.0,47,66,48,evaluation,71,7,0.0,70,0,2,closer_hidden_boundary,4,0,2,4.0,sustained_reserve,0.684917041,0
46,,,,11,,primary,reserve,32,10779228214608787929,12,2,,0.314138895,2,0.0,0.585262834,1.900215038,,0.691416689,37,1,0,503,,0,-12.0,0.554029826,,,,,,evaluation,,,0.0,49,17,6,closer_hidden_boundary,,,,4.0,reserve,0.772765743,0
67,0,68,4,23,,primary,sustained_reserve,41,10779228214608787929,12,2,no_candidate_plan_within_declared_model,0.597695506,2,0.0,0.652442549,1.039080281,,0.710090431,64,1,0,503,0.089914609,0,1.690730606,0.628235252,-1.749888687,0.0,52,68,48,evaluation,71,14,0.0,70,0,2,closer_hidden_boundary,2,0,2,4.0,sustained_reserve,0.772765743,0
52,,,,13,,primary,reserve,36,160552893719091600,13,2,,0.282266916,2,0.283155207,0.706735159,1.900245467,,0.814364636,34,1,0,503,,0,-13.0,0.633467837,,,,,,evaluation,,,0.0,55,15,2,closer_hidden_boundary,,,,4.0,reserve,0.661295886,0
66,0,67,5,23,,primary,sustained_reserve,40,160552893719091600,13,2,no_candidate_plan_within_declared_model,0.517983332,2,0.290389524,0.767267238,1.194191085,,0.751434638,59,1,0,503,0.038054338,0,-3.872037596,0.6488936,-1.704599833,0.0,64,67,48,evaluation,71,9,0.0,69,0,3,closer_hidden_boundary,2,0,3,4.0,sustained_reserve,0.661295886,0
39,,,,5,,primary,reserve,31,11556184036138153309,14,2,,0.504193939,2,0.506154583,0.911931316,1.105772404,,0.961036601,50,1,0,503,,0,-7.517826659,0.645518037,,,,,,evaluation,,,0.0,42,26,4,closer_hidden_boundary,,,,4.0,reserve,0.697779526,0
68,0,66,6,23,,primary,sustained_reserve,42,11556184036138153309,14,2,no_candidate_plan_within_declared_model,0.773319935,2,0.469087248,0.91390602,0.434196423,,0.787517781,-1,0,0,503,0.059801546,0,7.442653213,0.662930287,-0.684489352,0.0,31,64,48,evaluation,71,9,0.0,71,0,1,closer_hidden_boundary,5,0,1,4.0,sustained_reserve,0.697779526,0
51,,,,13,,primary,reserve,35,17859448831562131230,15,2,,0.28311485,2,0.0,0.535588163,1.898548668,,0.587025014,38,1,0,503,,0,-13.0,0.535588163,,,,,,evaluation,,,0.0,54,14,4,closer_hidden_boundary,,,,4.0,reserve,0.673234305,0
68,0,68,4,23,,primary,sustained_reserve,42,17859448831562131230,15,2,no_candidate_plan_within_declared_model,0.560092653,2,0.0,0.652595981,1.032280747,,0.631945322,63,1,0,503,0.060901004,0,-2.575214151,0.611427578,-1.724413721,0.0,57,67,48,evaluation,71,14,0.0,71,0,1,closer_hidden_boundary,3,0,1,4.0,sustained_reserve,0.673234305,0
42,,,,11,,primary,reserve,28,16519582356538312397,0,2,,0.341384607,2,0.364143322,0.78063106,1.717512559,,0.898645919,34,1,0,607,,0,-12.0,0.650279871,,,,,,evaluation,,,0.0,45,15,12,closer_hidden_boundary,,,,4.0,reserve,0.677766661,0
67,0,69,3,23,,primary,sustained_reserve,41,16519582356538312397,0,2,no_candidate_plan_within_declared_model,0.664465716,2,0.43458273,0.890362564,0.626516479,,0.78841428,-1,0,0,607,0.046180778,0,-3.078808583,0.651592282,-0.974869376,0.0,50,69,48,evaluation,71,12,0.0,70,0,2,closer_hidden_boundary,1,0,2,4.0,sustained_reserve,0.677766661,0
27,,,,0,,primary,reserve,23,15014598973633559170,1,2,,0.520584943,2,0.378716467,0.699468276,1.001131382,,0.897948319,62,1,0,607,,0,-13.0,0.614176049,,,,,,evaluation,,,0.0648,30,31,11,closer_hidden_boundary,,,,3.9352,reserve,0.704165261,0
66,0,65,7,23,,primary,sustained_reserve,40,15014598973633559170,1,2,no_candidate_plan_within_declared_model,0.788567685,2,0.390211834,0.847426854,0.4233428,,0.738861352,-1,0,0,607,0.057822342,0,-0.344262007,0.65022307,-0.63999933,0.0,33,64,48,evaluation,71,7,0.0,69,0,3,closer_hidden_boundary,4,0,3,4.0,sustained_reserve,0.704165261,0
50,,,,12,,primary,reserve,35,14352298113746820703,2,2,,0.235149413,2,0.283671736,0.731623474,1.911538357,,0.869640168,32,1,0,607,,0,-13.0,0.639628813,,,,,,evaluation,,,0.0,53,17,2,closer_hidden_boundary,,,,4.0,reserve,0.673887545,0
67,0,70,2,23,,primary,sustained_reserve,41,14352298113746820703,2,2,no_candidate_plan_within_declared_model,0.5169168,2,0.301805237,0.798525606,1.031578886,,0.780519581,63,1,0,607,0.051510883,0,-1.559492378,0.64491947,-1.819202212,0.0,55,70,48,evaluation,71,11,0.0,70,0,2,closer_hidden_boundary,0,0,2,4.0,sustained_reserve,0.673887545,0
45,,,,12,,primary,reserve,30,4632938823472088820,3,2,,0.242717352,2,0.215537387,0.76510674,1.91255737,,0.82559558,35,1,0,607,,0,-12.191929781,0.643122498,,,,,,evaluation,,,0.0,48,15,9,closer_hidden_boundary,,,,4.0,reserve,0.714432475,0
68,0,69,3,23,,primary,sustained_reserve,42,4632938823472088820,3,2,no_candidate_plan_within_declared_model,0.488403833,2,0.252946325,0.846023047,1.136319036,,0.754596365,62,1,0,607,0.071625725,0,0.312499291,0.649837086,-2.030247232,0.0,59,69,48,evaluation,71,5,0.0,71,0,1,closer_hidden_boundary,2,0,1,4.0,sustained_reserve,0.714432475,0
47,,,,9,,primary,reserve,35,2287919376212702517,4,2,,0.441876112,2,0.262485382,0.717841474,1.413204254,,0.87001757,45,1,0,607,,0,-8.752706402,0.614079348,,,,,,evaluation,,,0.0,50,21,1,closer_hidden_boundary,,,,4.0,reserve,0.734943956,0
68,0,65,7,23,,primary,sustained_reserve,42,2287919376212702517,4,2,no_candidate_plan_within_declared_model,0.699689026,2,0.285568153,0.794408853,0.578740028,,0.751262208,-1,0,0,607,0.037391243,0,-2.694420158,0.635235224,-0.868334525,0.0,46,64,48,evaluation,71,6,0.0,71,0,1,closer_hidden_boundary,6,0,1,4.0,sustained_reserve,0.734943956,0
36,,,,6,,primary,reserve,27,12382382542312678492,5,2,,0.437688926,2,0.458618726,0.799579997,1.43537806,,0.959398341,37,1,0,607,,0,-11.302046448,0.61451096,,,,,,evaluation,,,0.0,39,20,13,closer_hidden_boundary,,,,4.0,reserve,0.685035957,0
67,0,67,5,23,,primary,sustained_reserve,41,12382382542312678492,5,2,no_candidate_plan_within_declared_model,0.761976134,2,0.458939599,0.896766184,0.443710571,,0.81669309,-1,0,0,607,0.034501178,0,4.310365063,0.657881591,-0.844657381,0.0,35,67,48,evaluation,71,10,0.0,70,0,2,closer_hidden_boundary,3,0,2,4.0,sustained_reserve,0.685035957,0
41,,,,4,,primary,reserve,34,4428411888319307125,6,2,,0.500213031,2,0.641778772,0.997865129,1.133464453,,0.977146963,45,1,0,607,,0,-7.634867339,0.671635433,,,,,,evaluation,,,0.0,44,28,0,closer_hidden_boundary,,,,4.0,reserve,0.669734496,0
67,0,67,5,23,,primary,sustained_reserve,41,4428411888319307125,6,2,no_candidate_plan_within_declared_model,0.785985289,2,0.598751536,0.961954103,0.38259434,,0.828158397,-1,0,0,607,0.108342763,0,5.383053524,0.671635433,-0.542868369,0.0,29,67,48,evaluation,71,10,0.0,70,0,2,closer_hidden_boundary,3,0,2,4.0,sustained_reserve,0.669734496,0
34,,,,2,,primary,reserve,29,3523441179529093915,7,2,,0.527800339,2,0.597931847,0.997284418,0.953479336,,0.992572375,62,1,0,607,,0,-11.286609552,0.668631871,,,,,,evaluation,,,0.0,37,31,4,closer_hidden_boundary,,,,4.0,reserve,0.729212787,0
66,0,66,6,23,,primary,sustained_reserve,40,3523441179529093915,7,2,no_candidate_plan_within_declared_model,0.73515457,2,0.506197339,0.948797766,0.471766219,,0.82717338,-1,0,0,607,0.055024111,0,-0.497860111,0.671441271,-0.641940535,0.0,49,66,48,evaluation,71,6,0.0,69,0,3,closer_hidden_boundary,3,0,3,4.0,sustained_reserve,0.729212787,0
51,,,,17,,primary,reserve,31,17695181745786663424,8,2,,0.245238544,2,0.237082523,0.736558025,1.907502168,,0.800151355,35,1,0,607,,0,-10.196240767,0.647924077,,,,,,evaluation,,,0.0,54,9,9,closer_hidden_boundary,,,,4.0,reserve,0.664914414,0
68,0,70,2,23,,primary,sustained_reserve,42,17695181745786663424,8,2,no_candidate_plan_within_declared_model,0.462112742,2,0.326191306,0.854937286,1.211809821,,0.762785818,59,1,0,607,0.073069382,0,-7.892583193,0.650038903,-1.919919299,0.0,63,70,48,evaluation,71,11,0.0,71,0,1,closer_hidden_boundary,1,0,1,4.0,sustained_reserve,0.664914414,0
58,,,,18,,primary,reserve,37,14721617548725135238,9,2,,0.201790322,2,0.0,0.450006471,2.23711719,,0.382536982,26,1,0,607,,0,-10.0,0.450006471,,,,,,evaluation,,,0.0,61,9,2,closer_hidden_boundary,,,,4.0,reserve,0.676999579,0
65,0,66,6,23,,primary,sustained_reserve,39,14721617548725135238,9,2,no_candidate_plan_within_declared_model,0.465884127,2,0.0,0.548970953,1.511749969,,0.467353466,50,1,0,607,0.074316412,0,-6.464989094,0.548970953,-2.247311927,0.0,63,66,48,evaluation,71,11,0.0,68,0,4,closer_hidden_boundary,2,0,4,4.0,sustained_reserve,0.676999579,0
36,,,,4,,primary,reserve,29,17510369190986973238,10,2,,0.586758908,2,0.585062472,0.881073073,0.738784291,,0.960801649,71,1,0,607,,0,-7.347109944,0.654026923,,,,,,evaluation,,,0.0,39,31,2,closer_hidden_boundary,,,,4.0,reserve,0.728185962,0
67,0,68,4,23,,primary,sustained_reserve,41,17510369190986973238,10,2,no_candidate_plan_within_declared_model,0.771871766,2,0.520088426,0.945397756,0.457712432,,0.785810882,-1,0,0,607,0.06360128,0,-0.842476404,0.660018221,-0.703174874,0.0,40,68,48,evaluation,71,9,0.0,70,0,2,closer_hidden_boundary,2,0,2,4.0,sustained_reserve,0.728185962,0
42,,,,10,,primary,reserve,29,6576852216492918907,11,2,,0.420448495,2,0.057395873,0.636556299,1.461628965,,0.751801171,45,1,0,607,,0,-10.869876155,0.595668094,,,,,,evaluation,,,0.0,45,15,12,closer_hidden_boundary,,,,4.0,reserve,0.726959961,0
68,0,68,4,23,,primary,sustained_reserve,42,6576852216492918907,11,2,no_candidate_plan_within_declared_model,0.635732537,2,0.118491939,0.741010541,0.677537934,,0.704173327,-1,0,0,607,0.085287715,0,-1.487278032,0.621538155,-1.003720743,0.0,50,68,48,evaluation,71,11,0.0,71,0,1,closer_hidden_boundary,3,0,1,4.0,sustained_reserve,0.726959961,0
33,,,,2,,primary,reserve,28,14214392750224757803,12,2,,0.566804983,2,0.314691824,0.740588893,0.733592223,,0.888615084,-1,0,0,607,,0,-9.102307445,0.639356927,,,,,,evaluation,,,0.0,36,30,6,closer_hidden_boundary,,,,4.0,reserve,0.745681111,0
67,0,67,5,23,,primary,sustained_reserve,41,14214392750224757803,12,2,no_candidate_plan_within_declared_model,0.767083817,2,0.324684156,0.870476464,0.402361965,,0.780981959,-1,0,0,607,0.053796237,0,-1.700003492,0.653047865,-0.666679178,0.0,47,67,48,evaluation,71,10,0.0,70,0,2,closer_hidden_boundary,3,0,2,4.0,sustained_reserve,0.745681111,0
47,,,,11,,primary,reserve,33,17711000375883169700,13,2,,0.404948684,2,0.528291959,0.767263066,1.584307441,,0.924903937,30,1,0,607,,0,-7.85138531,0.619895971,,,,,,evaluation,,,0.0,50,15,7,closer_hidden_boundary,,,,4.0,reserve,0.713200209,0
66,0,66,6,23,,primary,sustained_reserve,40,17711000375883169700,13,2,no_candidate_plan_within_declared_model,0.769758579,2,0.558496092,0.855576143,0.429956924,,0.815422712,-1,0,0,607,0.035345435,0,3.976333326,0.663787231,-0.640154366,0.0,30,66,48,evaluation,71,8,0.0,69,0,3,closer_hidden_boundary,3,0,3,4.0,sustained_reserve,0.713200209,0
54,,,,13,,primary,reserve,38,9089680143257946982,14,2,,0.357947587,2,0.37649126,0.858277055,1.716424313,,0.900527085,36,1,0,607,,0,-10.0,0.657634139,,,,,,evaluation,,,0.0,57,15,0,closer_hidden_boundary,,,,4.0,reserve,0.669058578,0
68,0,68,4,23,,primary,sustained_reserve,42,9089680143257946982,14,2,no_candidate_plan_within_declared_model,0.58461086,2,0.360091325,0.904926444,0.916107926,,0.788676166,66,1,0,607,0.063740186,0,-3.181812243,0.660097576,-1.577127103,0.0,61,68,48,evaluation,71,11,0.0,71,0,1,closer_hidden_boundary,3,0,1,4.0,sustained_reserve,0.669058578,0
45,,,,11,,primary,reserve,31,8841990479080573860,15,2,,0.320027399,2,0.345876221,0.890812846,1.666774415,,0.906316686,36,1,0,607,,0,-7.562943608,0.637164645,,,,,,evaluation,,,0.0,48,18,6,closer_hidden_boundary,,,,4.0,reserve,0.69922317,0
67,0,68,4,23,,primary,sustained_reserve,41,8841990479080573860,15,2,no_candidate_plan_within_declared_model,0.575548698,2,0.319192923,0.91908025,0.764526628,,0.8041054,70,1,0,607,0.09603292,0,3.7585763,0.652073266,-0.84962102,0.0,47,67,48,evaluation,71,8,0.0,70,0,2,closer_hidden_boundary,2,0,2,4.0,sustained_reserve,0.69922317,0
21,,,,0,,primary,reserve,17,9739973216299283601,0,2,,0.433344502,2,0.584853456,0.786017138,0.954949407,,0.927936563,-1,0,0,401,,0,-8.872064101,0.660380175,,,,,,evaluation,,,0.589,24,39,9,common_optimistic_bias,,,,3.411,reserve,1.085376579,0
67,0,66,6,23,,primary,sustained_reserve,41,9739973216299283601,0,2,no_candidate_plan_within_declared_model,0.765701922,2,0.588602079,0.950478847,0.387364802,,0.839303968,-1,0,0,401,0.038864427,0,11.505390622,0.671377532,-0.621102625,0.0,15,66,48,evaluation,71,7,0.0,70,0,2,common_optimistic_bias,4,0,2,4.0,sustained_reserve,1.085376579,0
30,,,,7,,primary,reserve,20,497360197865448171,1,2,,0.411933638,2,0.058950593,0.657008338,1.115838824,,0.780605947,71,1,0,401,,0,-6.88676043,0.585589973,,,,,,evaluation,,,0.0,33,20,19,common_optimistic_bias,,,,4.0,reserve,1.095106971,0
67,0,68,4,23,,primary,sustained_reserve,41,497360197865448171,1,2,no_candidate_plan_within_declared_model,0.634801343,2,0.183412027,0.818905016,0.752551823,,0.772876011,-1,0,0,401,0.072665438,0,4.1833332,0.623117061,-0.706721722,0.0,48,68,48,evaluation,71,9,0.0,70,0,2,common_optimistic_bias,2,0,2,4.0,sustained_reserve,1.095106971,0
10,,,,0,,primary,reserve,10,15804009067095553024,2,0,,0.436921773,1,0.546394002,0.889366268,0.849161197,,0.96989595,-1,0,0,401,,0,-7.568804632,0.666238644,,,,,,evaluation,,,0.321,10,39,23,common_optimistic_bias,,,,3.679,reserve,0.991186596,0
66,0,67,5,23,,primary,sustained_reserve,40,15804009067095553024,2,2,no_candidate_plan_within_declared_model,0.776785992,2,0.573942934,0.960728137,0.366577786,,0.840223064,-1,0,0,401,0.064364887,0,2.961766217,0.667351804,-0.307579282,0.0,17,67,48,evaluation,71,8,0.0,69,0,3,common_optimistic_bias,2,0,3,4.0,sustained_reserve,0.991186596,0
30,,,,3,,primary,reserve,28,14732801067571324980,3,2,,0.470548396,0,0.435640006,0.634269623,0.800768937,,0.916736779,-1,0,0,401,,0,-8.474965836,0.618197317,,,,,,evaluation,,,0.0,33,36,3,common_optimistic_bias,,,,4.0,reserve,1.09696195,0
68,0,66,6,23,,primary,sustained_reserve,42,14732801067571324980,3,2,no_candidate_plan_within_declared_model,0.693440995,2,0.440527869,0.755072845,0.492416069,,0.792032219,-1,0,0,401,0.053528337,0,8.498846209,0.648931934,-0.665695784,0.0,30,65,48,evaluation,71,8,0.0,71,0,1,common_optimistic_bias,5,0,1,4.0,sustained_reserve,1.09696195,0
24,,,,0,,primary,reserve,24,10355017696138457399,4,0,,0.454353998,0,0.431240194,0.706758307,0.906246409,,0.919601484,-1,0,0,401,,0,-5.318026805,0.621046326,,,,,,evaluation,,,0.0812,26,41,5,common_optimistic_bias,,,,3.9188,reserve,0.941465469,0
66,0,65,7,23,,primary,sustained_reserve,40,10355017696138457399,4,2,no_candidate_plan_within_declared_model,0.744716115,2,0.454051718,0.849397168,0.484043959,,0.800292818,-1,0,0,401,0.052929317,0,5.23145969,0.648910786,-0.58531866,0.0,24,65,48,evaluation,71,12,0.0,69,0,3,common_optimistic_bias,4,0,3,4.0,sustained_reserve,0.941465469,0
45,,,,11,,primary,reserve,31,13382216273069640739,5,2,,0.318255604,2,0.122601053,0.6513932,1.494063003,,0.789326794,61,1,0,401,,0,-10.610675017,0.587739446,,,,,,evaluation,,,0.0,48,15,9,common_optimistic_bias,,,,4.0,reserve,1.000877588,0
66,0,65,7,23,,primary,sustained_reserve,40,13382216273069640739,5,2,no_candidate_plan_within_declared_model,0.437327981,2,0.115530696,0.717848286,1.256263077,,0.752840013,66,1,0,401,0.070677447,0,-2.671546899,0.638492635,-1.730252168,0.0,62,65,48,evaluation,71,11,0.0,69,0,3,common_optimistic_bias,4,0,3,4.0,sustained_reserve,1.000877588,0
16,,,,0,,primary,reserve,16,8312166938144218161,6,0,,0.434863742,0,0.582901802,0.877830788,0.878631862,,0.973872445,-1,0,0,401,,0,-6.637282696,0.6621335,,,,,,evaluation,,,0.2494,17,40,15,common_optimistic_bias,,,,3.7506,reserve,1.093848442,0
67,0,66,6,23,,primary,sustained_reserve,41,8312166938144218161,6,2,no_candidate_plan_within_declared_model,0.751218031,2,0.576557474,0.958804921,0.411766386,,0.831255481,-1,0,0,401,0.049720903,0,5.057028088,0.6621335,-0.44140535,0.0,21,66,48,evaluation,71,10,0.0,70,0,2,common_optimistic_bias,4,0,2,4.0,sustained_reserve,1.093848442,0
22,,,,0,,primary,reserve,18,3962705183372991719,7,2,,0.40169915,2,0.384021256,0.653680074,0.945106429,,0.857913615,-1,0,0,401,,0,-9.94618929,0.581956286,,,,,,evaluation,,,0.3718,25,35,12,common_optimistic_bias,,,,3.6282,reserve,1.077043482,0
66,0,63,9,23,,primary,sustained_reserve,40,3962705183372991719,7,2,no_candidate_plan_within_declared_model,0.720929142,2,0.462744281,0.851613088,0.441717485,,0.773975953,-1,0,0,401,0.08154833,0,11.708679474,0.654718293,-0.489570939,0.0,22,63,48,evaluation,71,11,0.0,69,0,3,common_optimistic_bias,6,0,3,4.0,sustained_reserve,1.077043482,0
31,,,,1,,primary,reserve,27,466494984581002872,8,2,,0.320634463,2,0.407246757,0.750927236,1.453162765,,0.934262832,54,1,0,401,,0,-10.535978943,0.616393648,,,,,,evaluation,,,0.0,34,32,6,common_optimistic_bias,,,,4.0,reserve,1.030349678,0
65,0,67,5,23,,primary,sustained_reserve,39,466494984581002872,8,2,no_candidate_plan_within_declared_model,0.634628498,2,0.426006648,0.844974933,0.718932199,,0.806789273,-1,0,0,401,0.036393099,0,9.512578238,0.661301927,-0.649391877,0.0,28,67,48,evaluation,71,6,0.0,68,1,3,common_optimistic_bias,1,1,3,4.0,sustained_reserve,1.030349678,0
20,,,,1,,primary,reserve,16,688483036858962540,9,2,,0.393930186,2,0.340194091,0.696277704,1.086661139,,0.884240885,66,1,0,401,,0,-10.659857077,0.607922475,,,,,,evaluation,,,0.0,23,26,23,common_optimistic_bias,,,,4.0,reserve,0.956910535,0
68,0,69,3,23,,primary,sustained_reserve,42,688483036858962540,9,2,no_candidate_plan_within_declared_model,0.664358562,2,0.410513673,0.880731148,0.599816865,,0.783630712,-1,0,0,401,0.066273307,0,5.005351707,0.652464543,-0.843923453,0.0,33,68,48,evaluation,71,13,0.0,71,0,1,common_optimistic_bias,2,0,1,4.0,sustained_reserve,0.956910535,0
23,,,,0,,primary,reserve,19,14845051279084890245,10,2,,0.417662477,2,0.567682408,0.858601087,1.124093618,,0.949734518,63,1,0,401,,0,-12.0,0.66772805,,,,,,evaluation,,,0.3676,26,34,12,common_optimistic_bias,,,,3.6324,reserve,0.88990451,0
67,0,68,4,23,,primary,sustained_reserve,41,14845051279084890245,10,2,no_candidate_plan_within_declared_model,0.756506748,2,0.575814407,0.965012879,0.418933173,,0.835128275,-1,0,0,401,0.061862343,0,2.752440675,0.668452244,-0.678214519,0.0,23,67,48,evaluation,71,11,0.0,70,0,2,common_optimistic_bias,2,0,2,4.0,sustained_reserve,0.88990451,0
14,,,,0,,primary,reserve,14,15323987392304269192,11,0,,0.385929381,0,0.483393401,0.802393069,0.899278113,,0.928227201,-1,0,0,401,,0,-5.909721882,0.650601195,,,,,,evaluation,,,0.2084,14,41,17,common_optimistic_bias,,,,3.7916,reserve,1.080590093,0
68,0,69,3,23,,primary,sustained_reserve,42,15323987392304269192,11,2,no_candidate_plan_within_declared_model,0.737415646,2,0.559732927,0.955399139,0.403445087,,0.813560819,-1,0,0,401,0.046139743,0,7.707639816,0.667272528,-0.320162587,0.0,16,69,48,evaluation,71,5,0.0,71,0,1,common_optimistic_bias,2,0,1,4.0,sustained_reserve,1.080590093,0
30,,,,1,,primary,reserve,30,10183718752960407178,12,0,,0.45796091,2,0.59700676,0.838577474,0.81325693,,1.0,-1,0,0,401,,0,-10.513415046,0.646405896,,,,,,evaluation,,,0.0,31,39,2,common_optimistic_bias,,,,4.0,reserve,0.936249816,0
66,0,65,7,23,,primary,sustained_reserve,40,10183718752960407178,12,2,no_candidate_plan_within_declared_model,0.731729261,2,0.562515281,0.926535853,0.446131112,,0.818770403,-1,0,0,401,0.058766073,0,8.082303564,0.665531765,-0.492984581,0.0,22,65,48,evaluation,71,5,0.0,69,0,3,common_optimistic_bias,4,0,3,4.0,sustained_reserve,0.936249816,0
33,,,,2,,primary,reserve,28,3094801267066550008,13,2,,0.35553478,2,0.354541035,0.725653767,1.481071904,,0.898608833,50,1,0,401,,0,-10.413688349,0.61892906,,,,,,evaluation,,,0.0,36,31,5,common_optimistic_bias,,,,4.0,reserve,0.948726068,0
67,0,67,5,23,,primary,sustained_reserve,41,3094801267066550008,13,2,no_candidate_plan_within_declared_model,0.706476507,2,0.413083974,0.843941822,0.602609271,,0.788143636,-1,0,0,401,0.062079816,0,7.347577874,0.655572388,-0.73387952,0.0,26,66,48,evaluation,71,11,0.0,70,0,2,common_optimistic_bias,3,0,2,4.0,sustained_reserve,0.948726068,0
42,,,,6,,primary,reserve,33,11517108206777865013,14,2,,0.205013347,2,0.0,0.632700265,1.954362895,,0.743905877,39,1,0,401,,0,-11.0,0.543255168,,,,,,evaluation,,,0.0,45,26,1,common_optimistic_bias,,,,4.0,reserve,0.944440005,0
64,0,66,6,23,,primary,sustained_reserve,38,11517108206777865013,14,2,no_candidate_plan_within_declared_model,0.529370559,2,0.00381726,0.682184212,1.047917787,,0.69052258,67,1,0,401,0.055408124,0,10.578712882,0.617595273,-1.305469794,0.0,42,65,48,evaluation,71,11,0.0,67,0,5,common_optimistic_bias,1,0,5,4.0,sustained_reserve,0.944440005,0
29,,,,3,,primary,reserve,24,18309698995908524757,15,2,,0.402534856,2,0.381235328,0.848835769,0.978343868,,0.949473999,-1,0,0,401,,0,-7.455492097,0.629125041,,,,,,evaluation,,,0.0,32,29,11,common_optimistic_bias,,,,4.0,reserve,1.115839898,0
67,0,67,5,23,,primary,sustained_reserve,41,18309698995908524757,15,2,no_candidate_plan_within_declared_model,0.651042128,2,0.379791958,0.923480314,0.633938444,,0.78720415,-1,0,0,401,0.076552994,0,4.160008583,0.650410717,-0.616494888,0.0,37,67,48,evaluation,71,7,0.0,70,0,2,common_optimistic_bias,3,0,2,4.0,sustained_reserve,1.115839898,0
28,,,,0,,primary,reserve,24,14507246535438184655,0,2,,0.41637537,2,0.468924998,0.872444987,1.069785219,,0.945202705,69,1,0,503,,0,-13.0,0.651642052,,,,,,evaluation,,,0.118,31,35,6,common_optimistic_bias,,,,3.882,reserve,0.995031341,0
68,0,68,4,23,,primary,sustained_reserve,42,14507246535438184655,0,2,no_candidate_plan_within_declared_model,0.711667373,2,0.474667841,0.937546583,0.565340697,,0.789421538,-1,0,0,503,0.091944298,0,5.62484128,0.665005592,-0.885826005,0.0,30,68,48,evaluation,71,8,0.0,71,0,1,common_optimistic_bias,3,0,1,4.0,sustained_reserve,0.995031341,0
28,,,,0,,primary,reserve,24,7502164766355850473,1,2,,0.36103146,2,0.558805134,0.85748843,1.270358866,,0.935430421,56,1,0,503,,0,-13.0,0.66328798,,,,,,evaluation,,,0.5602,31,41,0,common_optimistic_bias,,,,3.4398,reserve,0.917809527,0
68,0,66,6,23,,primary,sustained_reserve,42,7502164766355850473,1,2,no_candidate_plan_within_declared_model,0.774568773,2,0.583113568,0.968634111,0.396332621,,0.83992011,-1,0,0,503,0.067316547,0,7.883788749,0.671847302,-0.422482155,0.0,23,65,48,evaluation,71,4,0.0,71,0,1,common_optimistic_bias,5,0,1,4.0,sustained_reserve,0.917809527,0
35,,,,2,,primary,reserve,30,1392972506535981944,2,2,,0.333733351,2,0.358992295,0.836993023,1.366155404,,0.924606084,50,1,0,503,,0,-10.704550664,0.607334073,,,,,,evaluation,,,0.0,38,30,4,common_optimistic_bias,,,,4.0,reserve,0.892003597,0
67,0,65,7,23,,primary,sustained_reserve,41,1392972506535981944,2,2,no_candidate_plan_within_declared_model,0.688681735,2,0.408489484,0.930860203,0.474092001,,0.787200071,-1,0,0,503,0.079332019,0,11.259535491,0.647055756,-0.582111775,0.0,25,65,48,evaluation,71,8,0.0,70,0,2,common_optimistic_bias,5,0,2,4.0,sustained_reserve,0.892003597,0
25,,,,0,,primary,reserve,21,16650437693641795717,3,2,,0.430275881,0,0.137921392,0.837750919,1.02965651,,0.810370985,-1,0,0,503,,0,-9.026731344,0.596648665,,,,,,evaluation,,,0.3046,28,35,9,common_optimistic_bias,,,,3.6954,reserve,1.104189257,0
67,0,67,5,23,,primary,sustained_reserve,41,16650437693641795717,3,2,no_candidate_plan_within_declared_model,0.720411949,2,0.112132512,0.854032947,0.567038812,,0.718544717,-1,0,0,503,0.088044169,0,0.370738675,0.615868687,-0.656632592,0.0,25,67,48,evaluation,71,9,0.0,70,0,2,common_optimistic_bias,3,0,2,4.0,sustained_reserve,1.104189257,0
33,,,,1,,primary,reserve,29,15260285073911315825,4,2,,0.340000965,2,0.264089029,0.673890084,1.312714199,,0.868443695,58,1,0,503,,0,-12.0,0.587774309,,,,,,evaluation,,,0.0,36,32,4,common_optimistic_bias,,,,4.0,reserve,1.010323814,0
68,0,69,3,23,,primary,sustained_reserve,42,15260285073911315825,4,2,no_candidate_plan_within_declared_model,0.659305082,2,0.331734193,0.791861679,0.596407466,,0.783202262,-1,0,0,503,0.0615209,0,7.38036808,0.648183631,-0.717663726,0.0,26,69,48,evaluation,71,10,0.0,71,0,1,common_optimistic_bias,2,0,1,4.0,sustained_reserve,1.010323814,0
38,,,,7,,primary,reserve,28,9033986013164043777,5,2,,0.289002175,2,0.032305871,0.81183247,1.590003343,,0.799221633,56,1,0,503,,0,-9.0,0.580804642,,,,,,evaluation,,,0.0,41,24,7,common_optimistic_bias,,,,4.0,reserve,1.011195509,0
65,0,67,5,23,,primary,sustained_reserve,39,9033986013164043777,5,2,no_candidate_plan_within_declared_model,0.59582346,2,0.149443556,0.866833399,0.834680802,,0.723000695,-1,0,0,503,0.109403648,0,0.175789541,0.648974946,-1.198841238,0.0,39,67,48,evaluation,71,11,0.0,68,0,4,common_optimistic_bias,1,0,4,4.0,sustained_reserve,1.011195509,0
25,,,,0,,primary,reserve,21,11635626335846214484,6,2,,0.296175202,2,0.342958514,0.679670555,1.421738827,,0.874538558,56,1,0,503,,0,-12.411715202,0.613676291,,,,,,evaluation,,,0.2098,28,32,12,common_optimistic_bias,,,,3.7902,reserve,1.016079949,0
68,0,66,6,23,,primary,sustained_reserve,42,11635626335846214484,6,2,no_candidate_plan_within_declared_model,0.672972854,2,0.42950576,0.843161401,0.562660295,,0.815940365,-1,0,0,503,0.146463908,0,11.276883246,0.659196515,-0.909960843,0.0,23,65,48,evaluation,71,7,0.0,71,0,1,common_optimistic_bias,5,0,1,4.0,sustained_reserve,1.016079949,0
26,,,,7,,primary,reserve,16,13525149703185477343,7,2,,0.32024527,2,0.0,0.433332423,1.856566163,,0.523661919,39,1,0,503,,0,-10.0,0.416056513,,,,,,evaluation,,,0.0,29,15,28,common_optimistic_bias,,,,4.0,reserve,1.07806954,0
68,0,67,5,23,,primary,sustained_reserve,42,13525149703185477343,7,2,no_candidate_plan_within_declared_model,0.633822154,2,0.0,0.576667031,0.853985876,,0.552652919,-1,0,0,503,0.043539217,0,5.536524202,0.576667031,-0.821235599,0.0,48,67,48,evaluation,71,6,0.0,71,0,1,common_optimistic_bias,4,0,1,4.0,sustained_reserve,1.07806954,0
20,,,,5,,primary,reserve,16,17705892780363619842,8,2,,0.390496555,0,0.396706421,0.797432865,1.053491184,,0.930624901,71,1,0,503,,0,-5.357710665,0.649143594,,,,,,evaluation,,,0.0,23,27,22,common_optimistic_bias,,,,4.0,reserve,1.043164934,0
68,0,69,3,23,,primary,sustained_reserve,42,17705892780363619842,8,2,no_candidate_plan_within_declared_model,0.682211472,2,0.483071338,0.943190591,0.636355703,,0.805416183,-1,0,0,503,0.038488477,0,4.722827171,0.658409197,-0.588593412,0.0,35,68,48,evaluation,71,8,0.0,71,0,1,common_optimistic_bias,2,0,1,4.0,sustained_reserve,1.043164934,0
34,,,,5,,primary,reserve,26,12589318634424385521,9,2,,0.357896963,2,0.079244959,0.640405816,1.511165471,,0.782434806,52,1,0,503,,0,-12.0,0.554707918,,,,,,evaluation,,,0.0,37,24,11,common_optimistic_bias,,,,4.0,reserve,0.880743217,0
68,0,66,6,23,,primary,sustained_reserve,42,12589318634424385521,9,2,no_candidate_plan_within_declared_model,0.680199081,2,0.286928382,0.821655556,0.623516515,,0.755283979,-1,0,0,503,0.103144894,0,1.887993369,0.635359213,-0.817758593,0.0,39,65,48,evaluation,71,10,0.0,71,0,1,common_optimistic_bias,5,0,1,4.0,sustained_reserve,0.880743217,0
39,,,,6,,primary,reserve,30,4053438918554722444,10,2,,0.324345565,2,0.305973006,0.838886394,1.423051243,,0.896150514,56,1,0,503,,0,-10.005645786,0.626797866,,,,,,evaluation,,,0.0,42,26,4,common_optimistic_bias,,,,4.0,reserve,0.997987742,0
68,0,66,6,23,,primary,sustained_reserve,42,4053438918554722444,10,2,no_candidate_plan_within_declared_model,0.58020802,2,0.310923036,0.913088996,0.796384872,,0.77233265,-1,0,0,503,0.057798946,0,10.053648368,0.648278407,-0.878025783,0.0,40,65,48,evaluation,71,11,0.0,71,0,1,common_optimistic_bias,5,0,1,4.0,sustained_reserve,0.997987742,0
28,,,,3,,primary,reserve,27,17731734540527883231,11,2,,0.410178155,1,0.426077676,0.861717071,0.962204355,,0.955416671,-1,0,0,503,,0,-3.748065385,0.648428074,,,,,,evaluation,,,0.0,31,33,8,common_optimistic_bias,,,,4.0,reserve,0.978452915,0
67,0,66,6,23,,primary,sustained_reserve,41,17731734540527883231,11,2,no_candidate_plan_within_declared_model,0.636452837,2,0.393170877,0.934394973,0.645226118,,0.805606985,-1,0,0,503,0.104019398,0,-1.85423075,0.657245,-0.610726601,0.0,32,66,48,evaluation,71,7,0.0,70,0,2,common_optimistic_bias,4,0,2,4.0,sustained_reserve,0.978452915,0
39,,,,7,,primary,reserve,29,10779228214608787929,12,2,,0.262787887,2,0.0,0.529998578,1.917302529,,0.655336276,42,1,0,503,,0,-11.513841384,0.479705036,,,,,,evaluation,,,0.0,42,23,7,common_optimistic_bias,,,,4.0,reserve,1.103951062,0
67,0,68,4,23,,primary,sustained_reserve,41,10779228214608787929,12,2,no_candidate_plan_within_declared_model,0.599579896,2,0.0,0.652023413,0.902479962,,0.70919727,71,1,0,503,0.08991346,0,8.561497833,0.627879726,-1.005604342,0.0,42,68,48,evaluation,71,14,0.0,70,0,2,common_optimistic_bias,2,0,2,4.0,sustained_reserve,1.103951062,0
41,,,,12,,primary,reserve,26,160552893719091600,13,2,,0.25117356,2,0.180176481,0.640771133,1.844271554,,0.760250827,43,1,0,503,,0,-8.719105785,0.574086224,,,,,,evaluation,,,0.0,44,14,14,common_optimistic_bias,,,,4.0,reserve,0.944708408,0
66,0,67,5,23,,primary,sustained_reserve,40,160552893719091600,13,2,no_candidate_plan_within_declared_model,0.523516412,2,0.283151191,0.764089052,0.96664272,,0.746748337,71,1,0,503,0.03802894,0,1.984778278,0.6488936,-1.244340992,0.0,58,67,48,evaluation,71,9,0.0,69,0,3,common_optimistic_bias,2,0,3,4.0,sustained_reserve,0.944708408,0
18,,,,0,,primary,reserve,18,11556184036138153309,14,0,,0.417083146,0,0.397755311,0.806446801,0.916752671,,0.910009071,-1,0,0,503,,0,-8.655758033,0.636059472,,,,,,evaluation,,,0.2818,18,39,15,common_optimistic_bias,,,,3.7182,reserve,0.996827895,0
68,0,66,6,23,,primary,sustained_reserve,42,11556184036138153309,14,2,no_candidate_plan_within_declared_model,0.771277515,2,0.468138386,0.913677498,0.436935972,,0.784432291,-1,0,0,503,0.03922321,0,17.272611075,0.662794314,-0.418977626,0.0,19,65,48,evaluation,71,8,0.0,71,0,1,common_optimistic_bias,5,0,1,4.0,sustained_reserve,0.996827895,0
44,,,,10,,primary,reserve,31,17859448831562131230,15,2,,0.185316017,2,0.0,0.555325679,2.082274036,,0.616635363,33,1,0,503,,0,-9.0,0.459841785,,,,,,evaluation,,,0.0,47,17,8,common_optimistic_bias,,,,4.0,reserve,0.961763292,0
68,0,68,4,23,,primary,sustained_reserve,42,17859448831562131230,15,2,no_candidate_plan_within_declared_model,0.562999151,2,0.0,0.650107234,0.935778449,,0.628517759,68,1,0,503,0.058704083,0,3.607633968,0.611427578,-1.227233886,0.0,50,67,48,evaluation,71,13,0.0,71,0,1,common_optimistic_bias,3,0,1,4.0,sustained_reserve,0.961763292,0
32,,,,3,,primary,reserve,28,16519582356538312397,0,2,,0.416378395,0,0.413755516,0.766704703,1.018785231,,0.922831376,70,1,0,607,,0,-6.440636124,0.639795064,,,,,,evaluation,,,0.0,35,33,4,common_optimistic_bias,,,,4.0,reserve,0.968238088,0
67,0,69,3,23,,primary,sustained_reserve,41,16519582356538312397,0,2,no_candidate_plan_within_declared_model,0.660630448,2,0.432123538,0.889318763,0.63399423,,0.788385907,-1,0,0,607,0.045888087,0,2.383108556,0.651592282,-0.783119532,0.0,39,69,48,evaluation,71,12,0.0,70,0,2,common_optimistic_bias,1,0,2,4.0,sustained_reserve,0.968238088,0
23,,,,0,,primary,reserve,19,15014598973633559170,1,2,,0.415783318,2,0.279322933,0.656800475,1.144359906,,0.815521206,64,1,0,607,,0,-9.312389935,0.571301959,,,,,,evaluation,,,0.3498,26,36,10,common_optimistic_bias,,,,3.6502,reserve,1.005950372,0
66,0,66,6,23,,primary,sustained_reserve,40,15014598973633559170,1,2,no_candidate_plan_within_declared_model,0.779564586,2,0.372613279,0.840899442,0.425717532,,0.738054251,-1,0,0,607,0.057833059,0,4.745820888,0.644212288,-0.44122255,0.0,25,65,48,evaluation,71,6,0.0,69,0,3,common_optimistic_bias,3,0,3,4.0,sustained_reserve,1.005950372,0
38,,,,6,,primary,reserve,29,14352298113746820703,2,2,,0.235298011,2,0.205133604,0.655766394,1.620244892,,0.826356311,53,1,0,607,,0,-11.0,0.596411293,,,,,,evaluation,,,0.0,41,24,7,common_optimistic_bias,,,,4.0,reserve,0.962696493,0
67,0,70,2,23,,primary,sustained_reserve,41,14352298113746820703,2,2,no_candidate_plan_within_declared_model,0.522288427,2,0.301375341,0.798325076,0.871469878,,0.781482934,-1,0,0,607,0.051504179,0,4.220494308,0.64491947,-1.173618172,0.0,47,70,48,evaluation,71,10,0.0,70,0,2,common_optimistic_bias,0,0,2,4.0,sustained_reserve,0.962696493,0
43,,,,8,,primary,reserve,32,4632938823472088820,3,2,,0.228303046,2,0.203396892,0.76272595,1.742376474,,0.829774978,48,1,0,607,,0,-9.965859348,0.622955408,,,,,,evaluation,,,0.0,46,22,4,common_optimistic_bias,,,,4.0,reserve,1.020617821,0
68,0,69,3,23,,primary,sustained_reserve,42,4632938823472088820,3,2,no_candidate_plan_within_declared_model,0.492944818,2,0.247842075,0.843666434,0.962941268,,0.751157962,-1,0,0,607,0.066264714,0,6.688014042,0.649837086,-1.327309741,0.0,50,69,48,evaluation,71,4,0.0,71,0,1,common_optimistic_bias,2,0,1,4.0,sustained_reserve,1.020617821,0
23,,,,1,,primary,reserve,19,2287919376212702517,4,2,,0.419754935,2,0.198822697,0.618037351,1.001846884,,0.837041475,-1,0,0,607,,0,-7.815788267,0.565877994,,,,,,evaluation,,,0.0,26,29,17,common_optimistic_bias,,,,4.0,reserve,1.049919937,0
68,0,65,7,23,,primary,sustained_reserve,42,2287919376212702517,4,2,no_candidate_plan_within_declared_model,0.697937697,2,0.284955527,0.794173126,0.581967434,,0.750191396,-1,0,0,607,0.037317996,0,2.899515644,0.635218198,-0.670444455,0.0,31,64,48,evaluation,71,5,0.0,71,0,1,common_optimistic_bias,6,0,1,4.0,sustained_reserve,1.049919937,0
24,,,,0,,primary,reserve,24,12382382542312678492,5,0,,0.438531566,0,0.406292067,0.751706404,0.897427467,,0.927751728,-1,0,0,607,,0,-8.164795947,0.616155794,,,,,,evaluation,,,0.1024,25,41,6,common_optimistic_bias,,,,3.8976,reserve,0.978622796,0
67,0,67,5,23,,primary,sustained_reserve,41,12382382542312678492,5,2,no_candidate_plan_within_declared_model,0.761933385,2,0.458931692,0.896762506,0.443719646,,0.815800093,-1,0,0,607,0.034286916,0,12.561455139,0.657881591,-0.644070675,0.0,23,67,48,evaluation,71,8,0.0,70,0,2,common_optimistic_bias,3,0,2,4.0,sustained_reserve,0.978622796,0
21,,,,0,,primary,reserve,17,4428411888319307125,6,2,,0.398627849,2,0.557948571,0.881891735,0.968584591,,0.910138388,71,1,0,607,,0,-11.176963951,0.671635433,,,,,,evaluation,,,0.7258,23,43,6,common_optimistic_bias,,,,3.2742,reserve,0.956763566,0
66,0,67,5,23,,primary,sustained_reserve,40,4428411888319307125,6,2,no_candidate_plan_within_declared_model,0.785634396,2,0.599748573,0.963180538,0.37512454,,0.83202302,-1,0,0,607,0.108342763,0,13.48176375,0.671635433,-0.386735894,0.0,19,67,48,evaluation,71,8,0.0,69,0,3,common_optimistic_bias,2,0,3,4.0,sustained_reserve,0.956763566,0
15,,,,3,,primary,reserve,15,3523441179529093915,7,0,,0.441875526,0,0.482573379,0.995818883,0.885161595,,0.987915724,-1,0,0,607,,0,-8.366808936,0.667144138,,,,,,evaluation,,,0.0,18,31,23,common_optimistic_bias,,,,4.0,reserve,1.041732553,0
66,0,66,6,23,,primary,sustained_reserve,40,3523441179529093915,7,2,no_candidate_plan_within_declared_model,0.722712677,2,0.493189301,0.946639462,0.49859195,,0.822622658,-1,0,0,607,0.055024111,0,6.088615349,0.671441271,-0.455737086,0.0,28,66,48,evaluation,71,5,0.0,69,0,3,common_optimistic_bias,3,0,3,4.0,sustained_reserve,1.041732553,0
48,,,,10,,primary,reserve,35,17695181745786663424,8,2,,0.229650314,2,0.294684603,0.782886992,1.789923657,,0.852460801,44,1,0,607,,0,-11.571735888,0.637536018,,,,,,evaluation,,,0.0,51,19,2,common_optimistic_bias,,,,4.0,reserve,0.949877735,0
68,0,70,2,23,,primary,sustained_reserve,42,17695181745786663424,8,2,no_candidate_plan_within_declared_model,0.475251192,2,0.326131026,0.854909249,0.968345234,,0.764312905,71,1,0,607,0.073066422,0,-3.775154551,0.650038903,-1.21313409,0.0,54,70,48,evaluation,71,11,0.0,71,0,1,common_optimistic_bias,1,0,1,4.0,sustained_reserve,0.949877735,0
51,,,,11,,primary,reserve,37,14721617548725135238,9,2,,0.187975737,2,0.0,0.494886522,2.165320397,,0.464288919,31,1,0,607,,0,-10.646591701,0.45497903,,,,,,evaluation,,,0.0,54,18,0,common_optimistic_bias,,,,4.0,reserve,0.967142255,0
65,0,66,6,23,,primary,sustained_reserve,39,14721617548725135238,9,2,no_candidate_plan_within_declared_model,0.495652385,2,0.0,0.548529792,1.282651146,,0.467831789,61,1,0,607,0.074316412,0,-2.602119997,0.548529792,-1.678346439,0.0,51,66,48,evaluation,71,11,0.0,68,0,4,common_optimistic_bias,2,0,4,4.0,sustained_reserve,0.967142255,0
23,,,,0,,primary,reserve,19,17510369190986973238,10,2,,0.457854739,2,0.504303559,0.80777517,0.955917981,,0.928643186,-1,0,0,607,,0,-9.71088956,0.650908552,,,,,,evaluation,,,0.2054,26,35,11,common_optimistic_bias,,,,3.7946,reserve,1.040265661,0
67,0,68,4,23,,primary,sustained_reserve,41,17510369190986973238,10,2,no_candidate_plan_within_declared_model,0.768421998,2,0.518215092,0.945388033,0.46426381,,0.784664361,-1,0,0,607,0.064496356,0,4.975682865,0.659372243,-0.513574452,0.0,20,67,48,evaluation,71,8,0.0,70,0,2,common_optimistic_bias,2,0,2,4.0,sustained_reserve,1.040265661,0
27,,,,1,,primary,reserve,23,6576852216492918907,11,2,,0.409949137,2,0.001978236,0.562992381,1.203903455,,0.717220195,64,1,0,607,,0,-12.987036215,0.562992381,,,,,,evaluation,,,0.0,30,31,11,common_optimistic_bias,,,,4.0,reserve,1.03851423,0
67,0,68,4,23,,primary,sustained_reserve,41,6576852216492918907,11,2,no_candidate_plan_within_declared_model,0.630417822,2,0.11425316,0.729387501,0.683743908,,0.713111899,-1,0,0,607,0.085231094,0,4.586249727,0.616733754,-0.811001071,0.0,39,68,48,evaluation,71,11,0.0,70,0,2,common_optimistic_bias,2,0,2,4.0,sustained_reserve,1.03851423,0
17,,,,0,,primary,reserve,13,14214392750224757803,12,2,,0.451748373,2,0.226638987,0.660110142,0.929324161,,0.80043908,-1,0,0,607,,0,-10.530553404,0.600473823,,,,,,evaluation,,,0.3088,20,31,21,common_optimistic_bias,,,,3.6912,reserve,1.06525873,0
67,0,67,5,23,,primary,sustained_reserve,41,14214392750224757803,12,2,no_candidate_plan_within_declared_model,0.750145612,2,0.306279591,0.863439653,0.43709959,,0.77902536,-1,0,0,607,0.054983878,0,4.347292509,0.652319042,-0.501342545,0.0,28,67,48,evaluation,71,9,0.0,70,0,2,common_optimistic_bias,3,0,2,4.0,sustained_reserve,1.06525873,0
24,,,,0,,primary,reserve,24,17711000375883169700,13,0,,0.401741992,0,0.511316386,0.70129486,0.967463388,,0.926380047,-1,0,0,607,,0,-7.842957621,0.628972638,,,,,,evaluation,,,0.2702,24,46,2,common_optimistic_bias,,,,3.7298,reserve,1.018857442,0
66,0,66,6,23,,primary,sustained_reserve,40,17711000375883169700,13,2,no_candidate_plan_within_declared_model,0.767973077,2,0.557305929,0.855021179,0.430482379,,0.814086722,-1,0,0,607,0.03143949,0,11.161935044,0.663787231,-0.440154366,0.0,16,66,48,evaluation,71,7,0.0,69,0,3,common_optimistic_bias,3,0,3,4.0,sustained_reserve,1.018857442,0
30,,,,3,,primary,reserve,24,9089680143257946982,14,2,,0.317189345,2,0.3461835,0.791815646,1.546852778,,0.897926936,51,1,0,607,,0,-13.0,0.637045092,,,,,,evaluation,,,0.0,33,26,13,common_optimistic_bias,,,,4.0,reserve,0.955797969,0
68,0,68,4,23,,primary,sustained_reserve,42,9089680143257946982,14,2,no_candidate_plan_within_declared_model,0.5851125,2,0.35959089,0.904714292,0.819229818,,0.789041713,-1,0,0,607,0.063740186,0,2.583823581,0.660097576,-1.096233834,0.0,50,68,48,evaluation,71,10,0.0,71,0,1,common_optimistic_bias,3,0,1,4.0,sustained_reserve,0.955797969,0
23,,,,3,,primary,reserve,22,8841990479080573860,15,2,,0.359079843,0,0.340917152,0.848228731,1.044095118,,0.922583375,70,1,0,607,,0,-2.892927497,0.630992797,,,,,,evaluation,,,0.0,26,37,9,common_optimistic_bias,,,,4.0,reserve,0.998890243,0
67,0,68,4,23,,primary,sustained_reserve,41,8841990479080573860,15,2,no_candidate_plan_within_declared_model,0.57231884,2,0.314812022,0.918468014,0.752301748,,0.802644212,-1,0,0,607,0.096030658,0,10.548492087,0.652072651,-0.660793962,0.0,39,67,48,evaluation,71,8,0.0,70,0,2,common_optimistic_bias,2,0,2,4.0,sustained_reserve,0.998890243,0
26,,,,0,,primary,reserve,22,9739973216299283601,0,2,,0.562707323,2,0.640169521,0.807560256,0.706083346,,0.989078187,-1,0,0,401,,0,-8.734587324,0.66828397,,,,,,evaluation,,,0.1996,29,34,9,optimistic_policy_gain_assumption,,,,3.8004,reserve,1.085376579,0
60,0,59,13,22,,primary,sustained_reserve,35,9739973216299283601,0,2,no_candidate_plan_within_declared_model,0.753929988,2,0.581304413,0.929841989,0.398643202,,0.852014474,-1,0,0,401,0.04660279,0,3.668590889,0.671377532,-1.297050077,0.0,39,58,47,evaluation,71,8,0.0,63,0,9,optimistic_policy_gain_assumption,4,0,9,4.0,sustained_reserve,1.085376579,0
50,,,,12,,primary,reserve,36,497360197865448171,1,2,,0.486922163,2,0.150862667,0.753322655,0.983265027,,0.843371241,-1,0,0,401,,0,-9.170306846,0.610618533,,,,,,evaluation,,,0.0,53,18,1,optimistic_policy_gain_assumption,,,,4.0,reserve,1.095106971,0
66,0,62,10,23,,primary,sustained_reserve,40,497360197865448171,1,2,no_candidate_plan_within_declared_model,0.637653895,2,0.184883857,0.819461432,0.747219766,,0.772900587,-1,0,0,401,0.069719007,0,-1.839161115,0.623117061,-1.849989997,0.0,52,62,48,evaluation,71,10,0.0,69,0,3,optimistic_policy_gain_assumption,7,0,3,4.0,sustained_reserve,1.095106971,0
21,,,,0,,primary,reserve,21,15804009067095553024,2,1,,0.539919639,0,0.631750022,0.942046976,0.700621228,,1.0,-1,0,0,401,,0,-2.691659973,0.666268948,,,,,,evaluation,,,0.1218,23,38,11,optimistic_policy_gain_assumption,,,,3.8782,reserve,0.991186596,0
62,0,60,12,23,,primary,sustained_reserve,36,15804009067095553024,2,2,no_candidate_plan_within_declared_model,0.770928746,2,0.571351221,0.961142036,0.351147375,,0.847286252,-1,0,0,401,0.064364887,0,-2.45351883,0.667351804,-1.461590825,0.0,35,60,48,evaluation,71,9,0.0,65,0,7,optimistic_policy_gain_assumption,5,0,7,4.0,sustained_reserve,0.991186596,0
24,,,,9,,primary,reserve,18,14732801067571324980,3,2,,0.508227005,2,0.339075597,0.548400567,0.786781118,,0.847099829,-1,0,0,401,,0,-10.364594795,0.548400567,,,,,,evaluation,,,0.0,27,22,23,optimistic_policy_gain_assumption,,,,4.0,reserve,1.09696195,0
61,0,59,13,22,,primary,sustained_reserve,36,14732801067571324980,3,2,no_candidate_plan_within_declared_model,0.659461195,2,0.406856371,0.714262745,0.550747544,,0.807534078,-1,0,0,401,0.053558908,0,0.117648338,0.634383313,-1.9339436,0.0,49,59,47,evaluation,71,8,0.0,64,1,7,optimistic_policy_gain_assumption,5,1,7,4.0,sustained_reserve,1.09696195,0
32,,,,0,,primary,reserve,28,10355017696138457399,4,2,,0.552220609,2,0.503349582,0.725253874,0.782278282,,0.946481406,-1,0,0,401,,0,-9.210876027,0.641234388,,,,,,evaluation,,,0.079,35,34,3,optimistic_policy_gain_assumption,,,,3.921,reserve,0.941465469,0
64,0,61,11,23,,primary,sustained_reserve,38,10355017696138457399,4,2,no_candidate_plan_within_declared_model,0.745684331,2,0.450685454,0.833814568,0.477714086,,0.808992351,-1,0,0,401,0.05372545,0,-0.824558556,0.64685626,-1.365376546,0.0,38,61,48,evaluation,71,11,0.0,67,0,5,optimistic_policy_gain_assumption,6,0,5,4.0,sustained_reserve,0.941465469,0
56,,,,18,,primary,reserve,35,13382216273069640739,5,2,,0.383941059,2,0.139214329,0.690578279,1.324424541,,0.797033561,65,1,0,401,,0,-7.538643494,0.623864197,,,,,,evaluation,,,0.0,59,10,3,optimistic_policy_gain_assumption,,,,4.0,reserve,1.000877588,0
63,0,63,9,23,,primary,sustained_reserve,37,13382216273069640739,5,2,no_candidate_plan_within_declared_model,0.412012578,2,0.082868852,0.689214238,1.316671841,,0.764953062,65,1,0,401,0.071698149,0,-7.086376334,0.626373271,-2.329789311,0.0,62,62,48,evaluation,71,10,0.0,66,0,6,optimistic_policy_gain_assumption,3,0,6,4.0,sustained_reserve,1.000877588,0
33,,,,6,,primary,reserve,29,8312166938144218161,6,2,,0.580508882,0,0.643635928,0.965958205,0.644777195,,0.962100668,-1,0,0,401,,0,-4.826965134,0.662137523,,,,,,evaluation,,,0.0,36,33,3,optimistic_policy_gain_assumption,,,,4.0,reserve,1.093848442,0
62,0,59,13,23,,primary,sustained_reserve,36,8312166938144218161,6,2,no_candidate_plan_within_declared_model,0.734600198,2,0.571869983,0.9622964,0.431620554,,0.843867024,-1,0,0,401,0.049749582,0,-1.23764389,0.662137523,-1.648801749,0.0,40,58,48,evaluation,71,13,0.0,65,0,7,optimistic_policy_gain_assumption,6,0,7,4.0,sustained_reserve,1.093848442,0
27,,,,2,,primary,reserve,22,3962705183372991719,7,2,,0.514178875,2,0.445996102,0.692607895,0.738512919,,0.9340831,-1,0,0,401,,0,-9.475332532,0.635449599,,,,,,evaluation,,,0.0,30,27,15,optimistic_policy_gain_assumption,,,,4.0,reserve,1.077043482,0
61,0,57,15,22,,primary,sustained_reserve,36,3962705183372991719,7,2,no_candidate_plan_within_declared_model,0.715835343,2,0.454225355,0.823481534,0.419348666,,0.791920544,-1,0,0,401,0.080115911,0,3.636320589,0.649940735,-1.194626982,0.0,39,57,47,evaluation,71,11,0.0,64,0,8,optimistic_policy_gain_assumption,7,0,8,4.0,sustained_reserve,1.077043482,0
36,,,,7,,primary,reserve,26,466494984581002872,8,2,,0.408403859,2,0.351370226,0.692849988,1.046860076,,0.883543418,71,1,0,401,,0,-7.0,0.612054059,,,,,,evaluation,,,0.0,39,26,7,optimistic_policy_gain_assumption,,,,4.0,reserve,1.030349678,0
60,0,59,13,22,,primary,sustained_reserve,35,466494984581002872,8,2,no_candidate_plan_within_declared_model,0.610001589,2,0.395017554,0.811589875,0.762305503,,0.816128545,-1,0,0,401,0.036393099,0,3.016217724,0.657438528,-1.819790901,0.0,46,59,47,evaluation,71,6,0.0,63,1,8,optimistic_policy_gain_assumption,4,1,8,4.0,sustained_reserve,1.030349678,0
27,,,,6,,primary,reserve,21,688483036858962540,9,2,,0.505382492,2,0.409085477,0.75736578,0.831028516,,0.914656138,-1,0,0,401,,0,-6.849397321,0.649898631,,,,,,evaluation,,,0.0,30,27,15,optimistic_policy_gain_assumption,,,,4.0,reserve,0.956910535,0
61,0,60,12,22,,primary,sustained_reserve,36,688483036858962540,9,2,no_candidate_plan_within_declared_model,0.638825336,2,0.390699002,0.851598288,0.636532252,,0.795346285,-1,0,0,401,0.067124903,0,-1.414644025,0.652464543,-1.851548286,0.0,46,59,47,evaluation,71,14,0.0,64,0,8,optimistic_policy_gain_assumption,4,0,8,4.0,sustained_reserve,0.956910535,0
36,,,,1,,primary,reserve,32,14845051279084890245,10,2,,0.537554559,2,0.650741619,0.939036987,0.750937748,,0.994620008,-1,0,0,401,,0,-10.629159187,0.667741599,,,,,,evaluation,,,0.0,39,32,1,optimistic_policy_gain_assumption,,,,4.0,reserve,0.88990451,0
63,0,59,13,23,,primary,sustained_reserve,37,14845051279084890245,10,2,no_candidate_plan_within_declared_model,0.737636169,2,0.56551682,0.965051443,0.44923734,,0.840911025,-1,0,0,401,0.060909556,0,-3.316370763,0.668452244,-1.721173283,0.0,40,58,48,evaluation,71,13,0.0,66,0,6,optimistic_policy_gain_assumption,7,0,6,4.0,sustained_reserve,0.88990451,0
19,,,,0,,primary,reserve,15,15323987392304269192,11,2,,0.481585488,0,0.556719017,0.81244807,0.744005905,,0.963813016,-1,0,0,401,,0,-9.035712007,0.665699874,,,,,,evaluation,,,0.1624,21,32,19,optimistic_policy_gain_assumption,,,,3.8376,reserve,1.080590093,0
61,0,60,12,22,,primary,sustained_reserve,36,15323987392304269192,11,2,no_candidate_plan_within_declared_model,0.727349035,2,0.551116462,0.957909221,0.393478176,,0.823220647,-1,0,0,401,0.045754259,0,1.639137568,0.667272528,-1.259849849,0.0,33,60,47,evaluation,71,6,0.0,64,0,8,optimistic_policy_gain_assumption,4,0,8,4.0,sustained_reserve,1.080590093,0
30,,,,5,,primary,reserve,27,10183718752960407178,12,2,,0.529700777,0,0.570709389,0.793952237,0.725862289,,0.964468486,-1,0,0,401,,0,-5.927319168,0.656454664,,,,,,evaluation,,,0.0,33,31,8,optimistic_policy_gain_assumption,,,,4.0,reserve,0.936249816,0
61,0,59,13,22,,primary,sustained_reserve,36,10183718752960407178,12,2,no_candidate_plan_within_declared_model,0.715094995,2,0.547964259,0.897281806,0.468933716,,0.828512424,-1,0,0,401,0.059602827,0,1.138370369,0.665735447,-1.495043223,0.0,41,59,47,evaluation,71,5,0.0,64,0,8,optimistic_policy_gain_assumption,5,0,8,4.0,sustained_reserve,0.936249816,0
20,,,,3,,primary,reserve,14,3094801267066550008,13,2,,0.472297918,2,0.277090619,0.605483672,0.979308819,,0.834262803,71,1,0,401,,0,-12.021359028,0.581343836,,,,,,evaluation,,,0.0,23,23,26,optimistic_policy_gain_assumption,,,,4.0,reserve,0.948726068,0
63,0,60,12,23,,primary,sustained_reserve,37,3094801267066550008,13,2,no_candidate_plan_within_declared_model,0.69906378,2,0.397569104,0.819527755,0.614065185,,0.797353452,-1,0,0,401,0.062073783,0,0.831727192,0.648627773,-1.695947762,0.0,44,59,48,evaluation,71,10,0.0,66,0,6,optimistic_policy_gain_assumption,6,0,6,4.0,sustained_reserve,0.948726068,0
43,,,,7,,primary,reserve,33,11517108206777865013,14,2,,0.3722056,2,0.12027678,0.682923912,1.379321107,,0.801476235,59,1,0,401,,0,-13.0,0.58327018,,,,,,evaluation,,,0.0,46,24,2,optimistic_policy_gain_assumption,,,,4.0,reserve,0.944440005,0
61,0,61,11,22,,primary,sustained_reserve,36,11517108206777865013,14,2,no_candidate_plan_within_declared_model,0.51035099,2,0.0,0.667786559,1.091171725,,0.707785773,66,1,0,401,0.06149857,0,3.187089424,0.602282444,-2.305145997,0.0,54,61,47,evaluation,71,12,0.0,64,1,7,optimistic_policy_gain_assumption,3,1,7,4.0,sustained_reserve,0.944440005,0
28,,,,4,,primary,reserve,21,18309698995908524757,15,2,,0.456703064,2,0.346584183,0.771596544,0.952160808,,0.896976101,-1,0,0,401,,0,-13.0,0.650340946,,,,,,evaluation,,,0.0,31,22,19,optimistic_policy_gain_assumption,,,,4.0,reserve,1.115839898,0
62,0,61,11,22,,primary,sustained_reserve,37,18309698995908524757,15,2,no_candidate_plan_within_declared_model,0.621346439,2,0.356571132,0.901862703,0.682651873,,0.799614595,-1,0,0,401,0.078649147,0,-1.672422038,0.650413016,-1.638964977,0.0,50,61,47,evaluation,71,7,0.0,65,0,7,optimistic_policy_gain_assumption,4,0,7,4.0,sustained_reserve,1.115839898,0
36,,,,8,,primary,reserve,30,14507246535438184655,0,2,,0.533775339,2,0.485381012,0.918841645,0.832227777,,0.938967554,-1,0,0,503,,0,-9.846713543,0.663859291,,,,,,evaluation,,,0.0,39,29,4,optimistic_policy_gain_assumption,,,,4.0,reserve,0.995031341,0
63,0,59,13,23,,primary,sustained_reserve,37,14507246535438184655,0,2,no_candidate_plan_within_declared_model,0.705761424,2,0.4727886,0.942355597,0.569725147,,0.802181573,-1,0,0,503,0.091742638,0,-1.022324541,0.66501214,-1.679912135,0.0,47,58,48,evaluation,71,9,0.0,66,0,6,optimistic_policy_gain_assumption,7,0,6,4.0,sustained_reserve,0.995031341,0
26,,,,0,,primary,reserve,22,7502164766355850473,1,2,,0.514572518,2,0.606195871,0.866669218,0.741802333,,1.0,-1,0,0,503,,0,-9.697559114,0.671847302,,,,,,evaluation,,,0.1314,29,30,13,optimistic_policy_gain_assumption,,,,3.8686,reserve,0.917809527,0
60,0,61,11,22,,primary,sustained_reserve,35,7502164766355850473,1,2,no_candidate_plan_within_declared_model,0.756644665,2,0.566999681,0.970391191,0.371458302,,0.852742076,-1,0,0,503,0.067316547,0,1.17132152,0.671847302,-1.394157497,0.0,37,61,47,evaluation,71,7,0.0,63,0,9,optimistic_policy_gain_assumption,2,0,9,4.0,sustained_reserve,0.917809527,0
36,,,,7,,primary,reserve,28,1392972506535981944,2,2,,0.437704522,0,0.36508229,0.835920532,0.849907572,,0.924118056,-1,0,0,503,,0,-10.290027655,0.617582034,,,,,,evaluation,,,0.0,39,24,9,optimistic_policy_gain_assumption,,,,4.0,reserve,0.892003597,0
59,0,59,13,22,,primary,sustained_reserve,34,1392972506535981944,2,2,no_candidate_plan_within_declared_model,0.642831066,2,0.372519165,0.889154966,0.553350673,,0.801021628,-1,0,0,503,0.079332019,0,3.474066657,0.647066562,-1.70626794,0.0,43,59,47,evaluation,71,10,0.0,62,0,10,optimistic_policy_gain_assumption,3,0,10,4.0,sustained_reserve,0.892003597,0
31,,,,3,,primary,reserve,27,16650437693641795717,3,2,,0.570229118,0,0.27123341,0.926345889,0.769161828,,0.913468729,-1,0,0,503,,0,-7.430997698,0.624002893,,,,,,evaluation,,,0.0,34,32,6,optimistic_policy_gain_assumption,,,,4.0,reserve,1.104189257,0
63,0,61,11,23,,primary,sustained_reserve,37,16650437693641795717,3,2,no_candidate_plan_within_declared_model,0.736363052,2,0.151763104,0.861015805,0.525207313,,0.732778099,-1,0,0,503,0.088434641,0,-3.615005187,0.623727956,-1.879727746,0.0,40,61,48,evaluation,71,10,0.0,66,0,6,optimistic_policy_gain_assumption,5,0,6,4.0,sustained_reserve,1.104189257,0
30,,,,4,,primary,reserve,23,15260285073911315825,4,2,,0.423605512,2,0.232926739,0.621759097,0.9785671,,0.835065585,-1,0,0,503,,0,-12.757618099,0.582099193,,,,,,evaluation,,,0.0,33,24,15,optimistic_policy_gain_assumption,,,,4.0,reserve,1.010323814,0
60,0,60,12,22,,primary,sustained_reserve,35,15260285073911315825,4,2,no_candidate_plan_within_declared_model,0.644165676,2,0.318143993,0.756220237,0.615012724,,0.799802037,-1,0,0,503,0.060824739,0,0.274053165,0.639861984,-1.610628466,0.0,43,60,47,evaluation,71,9,0.0,63,0,9,optimistic_policy_gain_assumption,3,0,9,4.0,sustained_reserve,1.010323814,0
50,,,,10,,primary,reserve,37,9033986013164043777,5,2,,0.399923544,2,0.104452316,0.84412684,1.219322623,,0.821540138,67,1,0,503,,0,-11.719108492,0.629832694,,,,,,evaluation,,,0.0,53,19,0,optimistic_policy_gain_assumption,,,,4.0,reserve,1.011195509,0
63,0,61,11,23,,primary,sustained_reserve,37,9033986013164043777,5,2,no_candidate_plan_within_declared_model,0.594541269,2,0.153672939,0.873651587,0.830558709,,0.735368619,-1,0,0,503,0.110403648,0,-4.163733712,0.648974946,-1.717080812,0.0,52,60,48,evaluation,71,11,0.0,66,0,6,optimistic_policy_gain_assumption,5,0,6,4.0,sustained_reserve,1.011195509,0
32,,,,3,,primary,reserve,26,11635626335846214484,6,2,,0.42826621,2,0.38400547,0.6770814,0.956923472,,0.901706433,-1,0,0,503,,0,-12.0,0.619978747,,,,,,evaluation,,,0.0,35,29,8,optimistic_policy_gain_assumption,,,,4.0,reserve,1.016079949,0
60,0,61,11,22,,primary,sustained_reserve,35,11635626335846214484,6,2,no_candidate_plan_within_declared_model,0.629714217,2,0.389489987,0.796609696,0.636618664,,0.829691439,-1,0,0,503,0.146536816,0,4.145638827,0.648589871,-1.567813573,0.0,43,60,47,evaluation,71,7,0.0,63,0,9,optimistic_policy_gain_assumption,2,0,9,4.0,sustained_reserve,1.016079949,0
48,,,,10,,primary,reserve,35,13525149703185477343,7,2,,0.401087128,2,0.0,0.51588166,1.645353804,,0.5620969,47,1,0,503,,0,-12.0,0.504220549,,,,,,evaluation,,,0.0,51,18,3,optimistic_policy_gain_assumption,,,,4.0,reserve,1.07806954,0
61,0,61,11,22,,primary,sustained_reserve,36,13525149703185477343,7,2,no_candidate_plan_within_declared_model,0.588005998,2,0.0,0.543975914,0.976303038,,0.539894628,69,1,0,503,0.043192909,0,-0.184648006,0.540588224,-2.03322569,0.0,54,61,47,evaluation,71,8,0.0,64,1,7,optimistic_policy_gain_assumption,3,1,7,4.0,sustained_reserve,1.07806954,0
42,,,,8,,primary,reserve,33,17705892780363619842,8,2,,0.477232766,2,0.485070668,0.878926288,0.925186114,,0.938120028,-1,0,0,503,,0,-8.640946847,0.64927587,,,,,,evaluation,,,0.0,45,27,0,optimistic_policy_gain_assumption,,,,4.0,reserve,1.043164934,0
62,0,61,11,23,,primary,sustained_reserve,36,17705892780363619842,8,2,no_candidate_plan_within_declared_model,0.653195756,2,0.469265637,0.937662311,0.681813308,,0.817213251,-1,0,0,503,0.038524554,0,-1.165232039,0.658409197,-1.646369187,0.0,49,60,48,evaluation,71,7,0.0,65,0,7,optimistic_policy_gain_assumption,4,0,7,4.0,sustained_reserve,1.043164934,0
34,,,,7,,primary,reserve,24,12589318634424385521,9,2,,0.465951126,2,0.147689734,0.629369993,1.061639735,,0.802182655,67,1,0,503,,0,-11.0,0.59801055,,,,,,evaluation,,,0.0,37,21,14,optimistic_policy_gain_assumption,,,,4.0,reserve,0.880743217,0
65,0,61,11,23,,primary,sustained_reserve,39,12589318634424385521,9,2,no_candidate_plan_within_declared_model,0.669683819,2,0.278640057,0.807406996,0.638266425,,0.768734556,-1,0,0,503,0.103175874,0,-2.904401697,0.635359213,-1.868942377,0.0,46,59,48,evaluation,71,11,0.0,68,0,4,optimistic_policy_gain_assumption,7,0,4,4.0,sustained_reserve,0.880743217,0
43,,,,10,,primary,reserve,30,4053438918554722444,10,2,,0.392095798,2,0.271811064,0.829432542,1.139316006,,0.868498065,68,1,0,503,,0,-10.986512107,0.642318762,,,,,,evaluation,,,0.0,46,19,7,optimistic_policy_gain_assumption,,,,4.0,reserve,0.997987742,0
60,0,61,11,22,,primary,sustained_reserve,35,4053438918554722444,10,2,no_candidate_plan_within_declared_model,0.556540325,2,0.300449832,0.888076117,0.826307054,,0.792367601,-1,0,0,503,0.057844737,0,2.997343794,0.648278407,-1.981258644,0.0,50,61,47,evaluation,71,11,0.0,63,0,9,optimistic_policy_gain_assumption,2,0,9,4.0,sustained_reserve,0.997987742,0
40,,,,8,,primary,reserve,33,17731734540527883231,11,2,,0.443377975,2,0.430520765,0.895734168,0.906821155,,0.942429933,-1,0,0,503,,0,-9.252053948,0.648428074,,,,,,evaluation,,,0.0,43,29,0,optimistic_policy_gain_assumption,,,,4.0,reserve,0.978452915,0
62,0,58,14,23,,primary,sustained_reserve,36,17731734540527883231,11,2,no_candidate_plan_within_declared_model,0.620449017,2,0.385671666,0.93619552,0.670418044,,0.809406538,-1,0,0,503,0.104019398,0,-5.957715195,0.657245,-1.720599806,0.0,48,58,48,evaluation,71,8,0.0,65,0,7,optimistic_policy_gain_assumption,7,0,7,4.0,sustained_reserve,0.978452915,0
46,,,,11,,primary,reserve,32,10779228214608787929,12,2,,0.402016618,2,0.0,0.581072543,1.422549959,,0.690414898,60,1,0,503,,0,-12.0,0.554029826,,,,,,evaluation,,,0.0,49,17,6,optimistic_policy_gain_assumption,,,,4.0,reserve,1.103951062,0
61,0,59,13,22,,primary,sustained_reserve,36,10779228214608787929,12,2,no_candidate_plan_within_declared_model,0.577543826,2,0.0,0.618640207,0.959362339,,0.6911307,70,1,0,503,0.090917719,0,1.690730606,0.597220783,-1.974509717,0.0,54,59,47,evaluation,71,14,0.0,64,0,8,optimistic_policy_gain_assumption,5,0,8,4.0,sustained_reserve,1.103951062,0
52,,,,13,,primary,reserve,36,160552893719091600,13,2,,0.399796009,2,0.280492678,0.705309134,1.24779833,,0.816495336,65,1,0,503,,0,-11.792094054,0.633467837,,,,,,evaluation,,,0.0,55,15,2,optimistic_policy_gain_assumption,,,,4.0,reserve,0.944708408,0
63,0,62,10,23,,primary,sustained_reserve,37,160552893719091600,13,2,no_candidate_plan_within_declared_model,0.515620927,2,0.266952682,0.73937213,0.994870525,,0.76201669,70,1,0,503,0.040280184,0,-3.872037596,0.637871415,-2.393645874,0.0,60,61,48,evaluation,71,9,0.0,66,0,6,optimistic_policy_gain_assumption,4,0,6,4.0,sustained_reserve,0.944708408,0
31,,,,5,,primary,reserve,29,11556184036138153309,14,2,,0.542011941,0,0.5043815,0.908672589,0.677619617,,0.962898039,-1,0,0,503,,0,-7.517826659,0.645518037,,,,,,evaluation,,,0.0,34,34,4,optimistic_policy_gain_assumption,,,,4.0,reserve,0.996827895,0
60,0,56,16,22,,primary,sustained_reserve,35,11556184036138153309,14,2,no_candidate_plan_within_declared_model,0.763746943,2,0.463606534,0.918030052,0.40577408,,0.801005806,-1,0,0,503,0.048863835,0,7.442653213,0.662930287,-1.616374418,0.0,35,55,47,evaluation,71,9,0.0,63,0,9,optimistic_policy_gain_assumption,7,0,9,4.0,sustained_reserve,0.996827895,0
51,,,,13,,primary,reserve,35,17859448831562131230,15,2,,0.305639788,2,0.0,0.535588163,1.811395645,,0.587203201,42,1,0,503,,0,-12.0,0.535588163,,,,,,evaluation,,,0.0,54,14,4,optimistic_policy_gain_assumption,,,,4.0,reserve,0.961763292,0
63,0,62,10,23,,primary,sustained_reserve,37,17859448831562131230,15,2,no_candidate_plan_within_declared_model,0.553984312,2,0.0,0.628575295,0.96818129,,0.641557964,67,1,0,503,0.064314485,0,-2.575214151,0.611427578,-2.07624709,0.0,54,61,48,evaluation,71,14,0.0,66,0,6,optimistic_policy_gain_assumption,4,0,6,4.0,sustained_reserve,0.961763292,0
33,,,,11,,primary,reserve,25,16519582356538312397,0,2,,0.459139355,2,0.355164567,0.767180544,0.948168758,,0.894703185,-1,0,0,607,,0,-11.322791859,0.650279871,,,,,,evaluation,,,0.0,36,21,15,optimistic_policy_gain_assumption,,,,4.0,reserve,0.968238088,0
61,0,62,10,22,,primary,sustained_reserve,36,16519582356538312397,0,2,no_candidate_plan_within_declared_model,0.631238358,2,0.407340738,0.857633297,0.681275773,,0.798973813,-1,0,0,607,0.054291849,0,-3.078808583,0.651592282,-1.882114952,0.0,51,62,47,evaluation,71,12,0.0,64,0,8,optimistic_policy_gain_assumption,2,0,8,4.0,sustained_reserve,0.968238088,0
27,,,,0,,primary,reserve,23,15014598973633559170,1,2,,0.528248653,2,0.378725128,0.699458639,0.819023878,,0.898728167,-1,0,0,607,,0,-12.113203919,0.614176049,,,,,,evaluation,,,0.0648,30,31,11,optimistic_policy_gain_assumption,,,,3.9352,reserve,1.005950372,0
60,0,61,11,22,,primary,sustained_reserve,35,15014598973633559170,1,2,no_candidate_plan_within_declared_model,0.768602012,2,0.378632593,0.81424106,0.417772121,,0.754865087,-1,0,0,607,0.05770257,0,-0.344262007,0.65022307,-1.446806918,0.0,40,60,47,evaluation,71,6,0.0,63,0,9,optimistic_policy_gain_assumption,2,0,9,4.0,sustained_reserve,1.005950372,0
50,,,,12,,primary,reserve,35,14352298113746820703,2,2,,0.369145425,2,0.2836087,0.73116171,1.192300066,,0.873906624,66,1,0,607,,0,-11.212680946,0.639628813,,,,,,evaluation,,,0.0,53,17,2,optimistic_policy_gain_assumption,,,,4.0,reserve,0.962696493,0
65,0,62,10,23,,primary,sustained_reserve,39,14352298113746820703,2,2,no_candidate_plan_within_declared_model,0.517721472,2,0.290850011,0.787010341,0.880264382,,0.78188049,-1,0,0,607,0.051559512,0,-1.559492378,0.643281944,-1.993835892,0.0,54,62,48,evaluation,71,10,0.0,68,0,4,optimistic_policy_gain_assumption,6,0,4,4.0,sustained_reserve,0.962696493,0
45,,,,12,,primary,reserve,30,4632938823472088820,3,2,,0.350381364,2,0.205147078,0.760077569,1.29408944,,0.821850583,65,1,0,607,,0,-9.394493878,0.643122498,,,,,,evaluation,,,0.0,48,15,9,optimistic_policy_gain_assumption,,,,4.0,reserve,1.020617821,0
61,0,63,9,22,,primary,sustained_reserve,36,4632938823472088820,3,2,no_candidate_plan_within_declared_model,0.469213372,2,0.220583988,0.812675572,1.000138351,,0.763597014,-1,0,0,607,0.066274851,0,0.312499291,0.646140812,-2.133047524,0.0,59,63,47,evaluation,71,4,0.0,64,0,8,optimistic_policy_gain_assumption,1,0,8,4.0,sustained_reserve,1.020617821,0
37,,,,8,,primary,reserve,32,2287919376212702517,4,2,,0.499974098,2,0.255932886,0.705169768,0.87834669,,0.866895023,-1,0,0,607,,0,-7.726078397,0.614079348,,,,,,evaluation,,,0.0,40,31,1,optimistic_policy_gain_assumption,,,,4.0,reserve,1.049919937,0
63,0,62,10,23,,primary,sustained_reserve,37,2287919376212702517,4,2,no_candidate_plan_within_declared_model,0.682090967,2,0.264612809,0.768935586,0.607403189,,0.765804155,-1,0,0,607,0.038391243,0,-2.694420158,0.631290134,-1.822652942,0.0,48,61,48,evaluation,71,6,0.0,66,0,6,optimistic_policy_gain_assumption,4,0,6,4.0,sustained_reserve,1.049919937,0
19,,,,3,,primary,reserve,19,12382382542312678492,5,0,,0.524584458,1,0.449876309,0.741831112,0.755534504,,0.947455377,-1,0,0,607,,0,-9.49932157,0.61451096,,,,,,evaluation,,,0.0,22,29,21,optimistic_policy_gain_assumption,,,,4.0,reserve,0.978622796,0
59,0,60,12,22,,primary,sustained_reserve,34,12382382542312678492,5,2,no_candidate_plan_within_declared_model,0.715444609,2,0.422621567,0.850878838,0.503268919,,0.830617053,-1,0,0,607,0.032716654,0,4.310365063,0.652892405,-1.564596903,0.0,46,59,47,evaluation,71,10,0.0,62,0,10,optimistic_policy_gain_assumption,2,0,10,4.0,sustained_reserve,0.978622796,0
29,,,,0,,primary,reserve,26,4428411888319307125,6,2,,0.529360376,1,0.641739162,0.949605354,0.705434972,,1.0,-1,0,0,607,,0,-8.521508781,0.671635433,,,,,,evaluation,,,0.2406,31,39,2,optimistic_policy_gain_assumption,,,,3.7594,reserve,0.956763566,0
60,0,58,14,22,,primary,sustained_reserve,35,4428411888319307125,6,2,no_candidate_plan_within_declared_model,0.778829085,2,0.59524676,0.965971616,0.351353487,,0.841619577,-1,0,0,607,0.108342763,0,5.383053524,0.671635433,-1.654082212,0.0,34,57,47,evaluation,71,11,0.0,63,0,9,optimistic_policy_gain_assumption,5,0,9,4.0,sustained_reserve,0.956763566,0
34,,,,2,,primary,reserve,29,3523441179529093915,7,2,,0.535515602,2,0.597933134,0.997284418,0.771172658,,0.992572375,-1,0,0,607,,0,-11.0,0.668631871,,,,,,evaluation,,,0.0,37,31,4,optimistic_policy_gain_assumption,,,,4.0,reserve,1.041732553,0
65,0,62,10,23,,primary,sustained_reserve,39,3523441179529093915,7,2,no_candidate_plan_within_declared_model,0.735146471,2,0.506482412,0.950239611,0.469886466,,0.83076778,-1,0,0,607,0.055024111,0,-0.497860111,0.671441271,-1.489467152,0.0,45,62,48,evaluation,71,6,0.0,68,0,4,optimistic_policy_gain_assumption,6,0,4,4.0,sustained_reserve,1.041732553,0
51,,,,17,,primary,reserve,31,17695181745786663424,8,2,,0.350666003,2,0.230936301,0.733613413,1.327265683,,0.799385661,63,1,0,607,,0,-9.289352846,0.647924077,,,,,,evaluation,,,0.0,54,9,9,optimistic_policy_gain_assumption,,,,4.0,reserve,0.949877735,0
62,0,61,11,23,,primary,sustained_reserve,36,17695181745786663424,8,2,no_candidate_plan_within_declared_model,0.460805218,2,0.30961524,0.830470546,1.010885972,,0.774511112,70,1,0,607,0.073342028,0,-7.892583193,0.650038903,-2.092236841,0.0,59,60,48,evaluation,71,10,0.0,65,0,7,optimistic_policy_gain_assumption,4,0,7,4.0,sustained_reserve,0.949877735,0
56,,,,18,,primary,reserve,35,14721617548725135238,9,2,,0.3036444,2,0.0,0.419096225,1.870991876,,0.352827234,44,1,0,607,,0,-7.0,0.419096225,,,,,,evaluation,,,0.0,59,11,2,optimistic_policy_gain_assumption,,,,4.0,reserve,0.967142255,0
64,0,61,11,23,,primary,sustained_reserve,38,14721617548725135238,9,2,no_candidate_plan_within_declared_model,0.489756112,2,0.0,0.564773964,1.288301663,,0.491973409,61,1,0,607,0.080316412,0,-6.464989094,0.564773964,-2.229521048,0.0,56,59,48,evaluation,71,13,0.0,67,1,4,optimistic_policy_gain_assumption,6,1,4,4.0,sustained_reserve,0.967142255,0
36,,,,4,,primary,reserve,29,17510369190986973238,10,2,,0.586758908,2,0.585062472,0.881073073,0.738784291,,0.960801649,-1,0,0,607,,0,-7.347109944,0.654026923,,,,,,evaluation,,,0.0,39,31,2,optimistic_policy_gain_assumption,,,,4.0,reserve,1.040265661,0
62,0,62,10,23,,primary,sustained_reserve,36,17510369190986973238,10,2,no_candidate_plan_within_declared_model,0.73467957,2,0.499075878,0.945898023,0.517602294,,0.796556622,-1,0,0,607,0.065271495,0,-0.842476404,0.660018221,-1.518408794,0.0,45,61,48,evaluation,71,9,0.0,65,0,7,optimistic_policy_gain_assumption,3,0,7,4.0,sustained_reserve,1.040265661,0
34,,,,10,,primary,reserve,27,6576852216492918907,11,2,,0.480801925,2,0.058226947,0.635278125,0.941614005,,0.75538155,70,1,0,607,,0,-10.869876155,0.595668094,,,,,,evaluation,,,0.0,37,23,12,optimistic_policy_gain_assumption,,,,4.0,reserve,1.03851423,0
62,0,61,11,23,,primary,sustained_reserve,36,6576852216492918907,11,2,no_candidate_plan_within_declared_model,0.631986544,2,0.115757659,0.721638857,0.677624785,,0.717315106,-1,0,0,607,0.085078261,0,-1.487278032,0.607006431,-1.760892287,0.0,50,61,48,evaluation,71,12,0.0,65,0,7,optimistic_policy_gain_assumption,4,0,7,4.0,sustained_reserve,1.03851423,0
33,,,,2,,primary,reserve,28,14214392750224757803,12,2,,0.566804983,2,0.314691824,0.740588893,0.733592223,,0.888615084,-1,0,0,607,,0,-9.102307445,0.639356927,,,,,,evaluation,,,0.0,36,30,6,optimistic_policy_gain_assumption,,,,4.0,reserve,1.06525873,0
61,0,59,13,22,,primary,sustained_reserve,36,14214392750224757803,12,2,no_candidate_plan_within_declared_model,0.719197807,2,0.273120192,0.830399958,0.4913148,,0.7897239,-1,0,0,607,0.053796237,0,-1.700003492,0.641936855,-1.586114921,0.0,47,58,47,evaluation,71,12,0.0,64,0,8,optimistic_policy_gain_assumption,5,0,8,4.0,sustained_reserve,1.06525873,0
33,,,,2,,primary,reserve,29,17711000375883169700,13,0,,0.487934978,2,0.532034827,0.70607121,0.816503261,,0.972495423,-1,0,0,607,,0,-10.107188079,0.619895971,,,,,,evaluation,,,0.0,35,30,7,optimistic_policy_gain_assumption,,,,4.0,reserve,1.018857442,0
61,0,59,13,22,,primary,sustained_reserve,36,17711000375883169700,13,2,no_candidate_plan_within_declared_model,0.757382053,2,0.54131241,0.821158089,0.427140309,,0.827253763,-1,0,0,607,0.039157673,0,3.976333326,0.660540241,-1.294644684,0.0,36,59,47,evaluation,71,9,0.0,64,0,8,optimistic_policy_gain_assumption,5,0,8,4.0,sustained_reserve,1.018857442,0
52,,,,12,,primary,reserve,37,9089680143257946982,14,2,,0.459909186,2,0.363014301,0.847793912,1.01858823,,0.897836856,70,1,0,607,,0,-9.572506843,0.657634139,,,,,,evaluation,,,0.0,55,17,0,optimistic_policy_gain_assumption,,,,4.0,reserve,0.955797969,0
67,0,61,11,23,,primary,sustained_reserve,41,9089680143257946982,14,2,no_candidate_plan_within_declared_model,0.587172642,2,0.360091325,0.904926444,0.815417449,,0.789159501,-1,0,0,607,0.064740186,0,-3.181812243,0.660097576,-2.260003431,0.0,56,61,48,evaluation,71,10,0.0,70,0,2,optimistic_policy_gain_assumption,9,0,2,4.0,sustained_reserve,0.955797969,0
36,,,,5,,primary,reserve,28,8841990479080573860,15,2,,0.405243125,2,0.368520109,0.862768271,0.978846367,,0.930276116,-1,0,0,607,,0,-9.645047158,0.637164645,,,,,,evaluation,,,0.0,39,27,6,optimistic_policy_gain_assumption,,,,4.0,reserve,0.998890243,0
60,0,60,12,22,,primary,sustained_reserve,35,8841990479080573860,15,2,no_candidate_plan_within_declared_model,0.544899582,2,0.304924626,0.909208457,0.792796631,,0.81362516,-1,0,0,607,0.095848972,0,1.421196992,0.651159599,-1.56181489,0.0,47,59,47,evaluation,71,8,0.0,63,1,8,optimistic_policy_gain_assumption,3,1,8,4.0,sustained_reserve,0.998890243,0
35,,,,0,,primary,reserve,31,9739973216299283601,0,2,,0.530509082,2,0.661073727,0.870324691,0.727260521,,1.0,-1,0,0,401,,1,-9.133818555,0.660664032,,,,,,evaluation,,,0.0772,37,35,0,intermittent_observation,,,,3.9228,reserve,1.085376579,18
64,18,50,4,22,,primary,sustained_reserve,39,9739973216299283601,0,2,no_candidate_plan_within_declared_model,0.760237413,2,0.597408869,0.951483675,0.391670274,,0.844332746,-1,0,0,401,0.044030945,1,9.711126036,0.671201291,-0.769420786,0.0,26,50,35,evaluation,36,4,0.0,67,1,4,intermittent_observation,1,0,3,4.0,sustained_reserve,1.085376579,18
51,,,,11,,primary,reserve,37,497360197865448171,1,2,,0.483421863,2,0.163872589,0.75578666,0.987831486,,0.845555266,-1,0,0,401,,1,-8.704308119,0.610618533,,,,,,evaluation,,,0.0,54,18,0,intermittent_observation,,,,4.0,reserve,1.095106971,18
67,18,51,3,23,,primary,sustained_reserve,41,497360197865448171,1,2,no_candidate_plan_within_declared_model,0.595856867,2,0.139249835,0.798095487,0.822568485,,0.778908065,-1,0,0,401,0.0472618,1,-2.077156691,0.615042508,-1.031618593,0.0,49,51,36,evaluation,36,4,0.0,70,1,1,intermittent_observation,2,0,1,4.0,sustained_reserve,1.095106971,18
25,,,,0,,primary,reserve,25,15804009067095553024,2,0,,0.592141605,0,0.665139021,0.960179266,0.61664911,,1.0,-1,0,0,401,,1,-5.412175828,0.667165472,,,,,,evaluation,,,0.0598,26,42,4,intermittent_observation,,,,3.9402,reserve,0.991186596,18
66,18,52,2,23,,primary,sustained_reserve,40,15804009067095553024,2,2,no_candidate_plan_within_declared_model,0.768845958,2,0.575103711,0.961294512,0.350460121,,0.844797938,-1,0,0,401,0.055308952,1,-3.556216891,0.667165472,-0.598097811,0.0,32,52,36,evaluation,36,5,0.0,69,1,2,intermittent_observation,0,0,2,4.0,sustained_reserve,0.991186596,18
34,,,,10,,primary,reserve,27,14732801067571324980,3,2,,0.550137938,2,0.427192568,0.649018619,0.697970487,,0.909760883,-1,0,0,401,,1,-6.966460641,0.621730561,,,,,,evaluation,,,0.0,37,25,10,intermittent_observation,,,,4.0,reserve,1.09696195,18
63,18,47,7,22,,primary,sustained_reserve,38,14732801067571324980,3,2,no_candidate_plan_within_declared_model,0.682817921,2,0.436561853,0.73852521,0.504237873,,0.800800874,-1,0,0,401,0.012834496,1,2.677398708,0.642653372,-0.70967305,0.0,34,46,36,evaluation,36,2,0.0,66,1,5,intermittent_observation,3,0,4,4.0,sustained_reserve,1.09696195,18
20,,,,3,,primary,reserve,14,10355017696138457399,4,2,,0.521003028,2,0.385701462,0.641391381,0.812814952,,0.887946769,-1,0,0,401,,1,-10.166294765,0.5623723,,,,,,evaluation,,,0.0,23,21,28,intermittent_observation,,,,4.0,reserve,0.941465469,18
66,18,51,3,23,,primary,sustained_reserve,40,10355017696138457399,4,2,no_candidate_plan_within_declared_model,0.743266175,2,0.464419852,0.849143369,0.479547877,,0.806121551,-1,0,0,401,0.042299138,1,0.450586843,0.649025012,-0.959266037,0.0,26,51,36,evaluation,36,8,0.0,69,1,2,intermittent_observation,1,0,2,4.0,sustained_reserve,0.941465469,18
53,,,,16,,primary,reserve,34,13382216273069640739,5,2,,0.375076794,2,0.122244879,0.672172621,1.398426433,,0.777060612,63,1,0,401,,1,-12.0,0.629972629,,,,,,evaluation,,,0.0,56,11,5,intermittent_observation,,,,4.0,reserve,1.000877588,18
66,18,52,2,23,,primary,sustained_reserve,40,13382216273069640739,5,2,no_candidate_plan_within_declared_model,0.427912621,2,0.118560679,0.716534481,1.265804249,,0.768423024,66,1,0,401,0.064738422,1,-7.585864794,0.634121567,-1.777095019,0.0,50,52,36,evaluation,36,5,0.0,69,1,2,intermittent_observation,0,0,2,4.0,sustained_reserve,1.000877588,18
37,,,,7,,primary,reserve,33,8312166938144218161,6,2,,0.560964858,0,0.624924913,0.974799147,0.666693414,,0.953277679,-1,0,0,401,,1,-5.653550163,0.661844259,,,,,,evaluation,,,0.0,40,32,0,intermittent_observation,,,,4.0,reserve,1.093848442,18
67,18,50,4,23,,primary,sustained_reserve,41,8312166938144218161,6,2,no_candidate_plan_within_declared_model,0.743760324,2,0.581906088,0.9622964,0.416041808,,0.841995684,-1,0,0,401,0.044487369,1,-1.591121167,0.661844259,-0.747759144,0.0,25,49,36,evaluation,36,7,0.0,70,1,1,intermittent_observation,3,0,1,4.0,sustained_reserve,1.093848442,18
24,,,,7,,primary,reserve,20,3962705183372991719,7,2,,0.498703216,0,0.359051799,0.669229644,0.768569506,,0.876760098,-1,0,0,401,,1,-6.255106361,0.589806665,,,,,,evaluation,,,0.0,27,25,20,intermittent_observation,,,,4.0,reserve,1.077043482,18
67,18,53,1,23,,primary,sustained_reserve,41,3962705183372991719,7,2,no_candidate_plan_within_declared_model,0.714866256,2,0.457708132,0.844947962,0.431153906,,0.781767375,-1,0,0,401,0.06008967,1,2.30410926,0.653052727,-0.881441583,0.0,27,53,36,evaluation,36,4,0.0,70,1,1,intermittent_observation,0,0,1,4.0,sustained_reserve,1.077043482,18
33,,,,5,,primary,reserve,25,466494984581002872,8,2,,0.395454872,2,0.372293829,0.701495047,1.056360216,,0.887718909,71,1,0,401,,1,-11.0,0.62403343,,,,,,evaluation,,,0.0,36,23,13,intermittent_observation,,,,4.0,reserve,1.030349678,18
64,18,50,4,23,,primary,sustained_reserve,38,466494984581002872,8,2,no_candidate_plan_within_declared_model,0.626093404,2,0.415073695,0.836782994,0.734092839,,0.806371883,-1,0,0,401,0.032325799,1,9.558198201,0.659557367,-0.793733817,0.0,36,50,36,evaluation,36,3,0.0,67,1,4,intermittent_observation,1,0,3,4.0,sustained_reserve,1.030349678,18
41,,,,8,,primary,reserve,36,688483036858962540,9,2,,0.456419622,0,0.398377488,0.809255065,0.891211489,,0.920423566,-1,0,0,401,,1,-11.922353634,0.635485418,,,,,,evaluation,,,0.0,44,28,0,intermittent_observation,,,,4.0,reserve,0.956910535,18
67,18,50,4,23,,primary,sustained_reserve,41,688483036858962540,9,2,no_candidate_plan_within_declared_model,0.652930344,2,0.413135414,0.878510213,0.612015055,,0.791484692,-1,0,0,401,0.04972899,1,5.088349344,0.650369641,-1.112444094,0.0,37,49,36,evaluation,36,6,0.0,70,1,1,intermittent_observation,3,0,1,4.0,sustained_reserve,0.956910535,18
32,,,,0,,primary,reserve,29,14845051279084890245,10,2,,0.531142028,0,0.652571281,0.936251161,0.758762354,,0.999646908,-1,0,0,401,,1,-12.199825268,0.667741599,,,,,,evaluation,,,0.046,35,37,0,intermittent_observation,,,,3.954,reserve,0.88990451,18
67,18,52,2,23,,primary,sustained_reserve,41,14845051279084890245,10,2,no_candidate_plan_within_declared_model,0.741992961,2,0.577162085,0.965051443,0.438733026,,0.837246408,-1,0,0,401,0.043914221,1,-2.554358537,0.667741599,-0.773836634,0.0,28,52,36,evaluation,36,5,0.0,70,1,1,intermittent_observation,1,0,1,4.0,sustained_reserve,0.88990451,18
18,,,,0,,primary,reserve,16,15323987392304269192,11,2,,0.455313334,0,0.538642097,0.807712088,0.829225333,,0.930577278,-1,0,0,401,,1,-7.552845894,0.661423317,,,,,,evaluation,,,0.2454,21,33,18,intermittent_observation,,,,3.7546,reserve,1.080590093,18
66,18,51,3,23,,primary,sustained_reserve,40,15323987392304269192,11,2,no_candidate_plan_within_declared_model,0.728930422,2,0.558725881,0.95842077,0.395192439,,0.819760959,-1,0,0,401,0.049007184,1,4.747535058,0.666521858,-0.577133436,0.0,22,50,36,evaluation,36,2,0.0,69,1,2,intermittent_observation,1,0,2,4.0,sustained_reserve,1.080590093,18
27,,,,3,,primary,reserve,21,10183718752960407178,12,2,,0.495803702,2,0.533796579,0.771446032,0.785274341,,0.971964859,-1,0,0,401,,1,-12.0,0.641775564,,,,,,evaluation,,,0.0,30,22,20,intermittent_observation,,,,4.0,reserve,0.936249816,18
67,18,52,2,23,,primary,sustained_reserve,41,10183718752960407178,12,2,no_candidate_plan_within_declared_model,0.726546663,2,0.565691066,0.923689537,0.448693776,,0.823997429,-1,0,0,401,0.055173803,1,1.987681718,0.66446748,-0.757020485,0.0,31,52,36,evaluation,36,2,0.0,70,1,1,intermittent_observation,1,0,1,4.0,sustained_reserve,0.936249816,18
37,,,,5,,primary,reserve,33,3094801267066550008,13,2,,0.509003049,0,0.404513842,0.750889936,0.893610229,,0.913527199,-1,0,0,401,,1,-9.580853932,0.643658292,,,,,,evaluation,,,0.0,40,30,2,intermittent_observation,,,,4.0,reserve,0.948726068,18
67,18,50,4,23,,primary,sustained_reserve,41,3094801267066550008,13,2,no_candidate_plan_within_declared_model,0.704339561,2,0.421327806,0.843371052,0.59971283,,0.796724663,-1,0,0,401,0.021005203,1,-0.51995383,0.652866852,-0.618037086,0.0,34,49,36,evaluation,36,5,0.0,70,1,1,intermittent_observation,3,0,1,4.0,sustained_reserve,0.948726068,18
34,,,,11,,primary,reserve,20,11517108206777865013,14,2,,0.289484499,2,0.0,0.549731893,1.72832098,,0.65426805,49,1,0,401,,1,-8.74146924,0.507418732,,,,,,evaluation,,,0.0,37,10,25,intermittent_observation,,,,4.0,reserve,0.944440005,18
64,18,49,5,23,,primary,sustained_reserve,38,11517108206777865013,14,2,no_candidate_plan_within_declared_model,0.526762427,2,0.026069043,0.691622945,1.023728732,,0.700303046,68,1,0,401,0.020032133,1,4.630943156,0.61550039,-1.08856658,0.0,37,48,36,evaluation,36,5,0.0,67,1,4,intermittent_observation,2,0,3,4.0,sustained_reserve,0.944440005,18
42,,,,5,,primary,reserve,34,18309698995908524757,15,2,,0.450669747,2,0.420464875,0.870344056,0.905114844,,0.953374296,-1,0,0,401,,1,-12.197821226,0.629713104,,,,,,evaluation,,,0.0,45,27,0,intermittent_observation,,,,4.0,reserve,1.115839898,18
67,18,51,3,23,,primary,sustained_reserve,41,18309698995908524757,15,2,no_candidate_plan_within_declared_model,0.650052448,2,0.388246641,0.926481854,0.629169682,,0.787887256,-1,0,0,401,0.026780566,1,5.307351221,0.650340946,-0.860437456,0.0,34,51,36,evaluation,36,4,0.0,70,1,1,intermittent_observation,2,0,1,4.0,sustained_reserve,1.115839898,18
38,,,,11,,primary,reserve,30,14507246535438184655,0,2,,0.514518979,2,0.457514823,0.91920446,0.845596274,,0.912695163,-1,0,0,503,,1,-6.812658131,0.659790049,,,,,,evaluation,,,0.0,41,23,8,intermittent_observation,,,,4.0,reserve,0.995031341,18
67,18,49,5,23,,primary,sustained_reserve,41,14507246535438184655,0,2,no_candidate_plan_within_declared_model,0.694440355,2,0.473063384,0.942355597,0.589341099,,0.799813736,-1,0,0,503,0.052452998,1,-0.654726212,0.66501214,-1.148335747,0.0,33,48,36,evaluation,36,3,0.0,70,1,1,intermittent_observation,4,0,1,4.0,sustained_reserve,0.995031341,18
30,,,,1,,primary,reserve,30,7502164766355850473,1,0,,0.527398613,0,0.628976237,0.919173685,0.676410069,,0.993531925,-1,0,0,503,,1,-6.079384408,0.67052732,,,,,,evaluation,,,0.0,32,40,0,intermittent_observation,,,,4.0,reserve,0.917809527,18
63,18,50,4,22,,primary,sustained_reserve,38,7502164766355850473,1,2,no_candidate_plan_within_declared_model,0.759218435,2,0.575797684,0.96968855,0.378766091,,0.846626173,-1,0,0,503,0.019757766,1,3.135596682,0.671847302,-0.631621883,0.0,28,50,36,evaluation,36,3,0.0,66,1,5,intermittent_observation,0,0,4,4.0,sustained_reserve,0.917809527,18
32,,,,7,,primary,reserve,26,1392972506535981944,2,2,,0.513428812,2,0.395796606,0.821720961,0.745240836,,0.910316517,-1,0,0,503,,1,-4.73314905,0.645921902,,,,,,evaluation,,,0.0,35,29,8,intermittent_observation,,,,4.0,reserve,0.892003597,18
67,18,51,3,23,,primary,sustained_reserve,41,1392972506535981944,2,2,no_candidate_plan_within_declared_model,0.684090445,2,0.419015816,0.932073269,0.47496281,,0.796765284,-1,0,0,503,0.057840509,1,-2.987744051,0.646065374,-0.725620208,0.0,34,50,36,evaluation,36,3,0.0,70,1,1,intermittent_observation,2,0,1,4.0,sustained_reserve,0.892003597,18
37,,,,7,,primary,reserve,33,16650437693641795717,3,2,,0.580984847,0,0.210234603,0.92160429,0.758844302,,0.880450092,-1,0,0,503,,1,-6.545068812,0.624002893,,,,,,evaluation,,,0.0,40,32,0,intermittent_observation,,,,4.0,reserve,1.104189257,18
67,18,53,1,23,,primary,sustained_reserve,41,16650437693641795717,3,2,no_candidate_plan_within_declared_model,0.739116726,2,0.162057438,0.861013701,0.51951585,,0.729959894,-1,0,0,503,0.065578581,1,-4.283781279,0.623846897,-0.623789748,0.0,34,52,36,evaluation,36,4,0.0,70,1,1,intermittent_observation,0,0,1,4.0,sustained_reserve,1.104189257,18
39,,,,5,,primary,reserve,31,15260285073911315825,4,2,,0.458282603,2,0.288714736,0.668293536,0.912689063,,0.854063892,-1,0,0,503,,1,-10.747113444,0.625292798,,,,,,evaluation,,,0.0,42,25,5,intermittent_observation,,,,4.0,reserve,1.010323814,18
66,18,52,2,23,,primary,sustained_reserve,40,15260285073911315825,4,2,no_candidate_plan_within_declared_model,0.641629791,2,0.325716707,0.785394847,0.623490574,,0.789330691,-1,0,0,503,0.047377307,1,-0.09323177,0.644484181,-0.947006726,0.0,38,52,36,evaluation,36,4,0.0,69,1,2,intermittent_observation,0,0,2,4.0,sustained_reserve,1.010323814,18
48,,,,9,,primary,reserve,36,9033986013164043777,5,2,,0.430324266,2,0.169209926,0.862550059,1.118754425,,0.842746361,69,1,0,503,,1,-11.506780521,0.627874262,,,,,,evaluation,,,0.0,51,21,0,intermittent_observation,,,,4.0,reserve,1.011195509,18
67,18,50,4,23,,primary,sustained_reserve,41,9033986013164043777,5,2,no_candidate_plan_within_declared_model,0.575829726,2,0.141225315,0.873651587,0.866350317,,0.734505812,-1,0,0,503,0.09939083,1,-5.330151316,0.63972691,-1.52927639,0.0,44,49,36,evaluation,36,7,0.0,70,1,1,intermittent_observation,3,0,1,4.0,sustained_reserve,1.011195509,18
34,,,,2,,primary,reserve,29,11635626335846214484,6,2,,0.400459464,2,0.401188773,0.72616357,0.97543502,,0.920102489,-1,0,0,503,,1,-12.897979211,0.624280435,,,,,,evaluation,,,0.0,37,30,5,intermittent_observation,,,,4.0,reserve,1.016079949,18
66,18,51,3,23,,primary,sustained_reserve,40,11635626335846214484,6,2,no_candidate_plan_within_declared_model,0.654796345,2,0.425866224,0.837671782,0.590319209,,0.822278019,-1,0,0,503,0.141828495,1,6.304127873,0.654873388,-1.219860384,0.0,31,51,36,evaluation,36,4,0.0,69,1,2,intermittent_observation,1,0,2,4.0,sustained_reserve,1.016079949,18
39,,,,7,,primary,reserve,29,13525149703185477343,7,2,,0.395319095,2,0.0,0.513293053,1.624881984,,0.577911613,48,1,0,503,,1,-13.0,0.508265043,,,,,,evaluation,,,0.0,42,22,8,intermittent_observation,,,,4.0,reserve,1.07806954,18
65,18,47,7,22,,primary,sustained_reserve,40,13525149703185477343,7,2,no_candidate_plan_within_declared_model,0.554711206,2,0.0,0.526678011,1.128655153,,0.50451166,65,1,0,503,0.030230608,1,4.16859245,0.523768298,-1.423911254,0.0,43,47,36,evaluation,36,3,0.0,68,1,3,intermittent_observation,5,0,2,4.0,sustained_reserve,1.07806954,18
37,,,,8,,primary,reserve,30,17705892780363619842,8,2,,0.500067288,2,0.505143168,0.883505989,0.895648407,,0.930152298,-1,0,0,503,,1,-6.535385406,0.64927587,,,,,,evaluation,,,0.0,40,29,3,intermittent_observation,,,,4.0,reserve,1.043164934,18
66,18,51,3,23,,primary,sustained_reserve,40,17705892780363619842,8,2,no_candidate_plan_within_declared_model,0.671726272,2,0.491764718,0.949252147,0.647761309,,0.816958658,-1,0,0,503,0.02392044,1,-0.689681921,0.658110746,-0.841139246,0.0,37,51,36,evaluation,36,4,0.0,69,1,2,intermittent_observation,1,0,2,4.0,sustained_reserve,1.043164934,18
37,,,,6,,primary,reserve,28,12589318634424385521,9,2,,0.415101796,2,0.180803967,0.699134423,1.312199773,,0.827333209,57,1,0,503,,1,-12.0,0.587111425,,,,,,evaluation,,,0.0,40,25,7,intermittent_observation,,,,4.0,reserve,0.880743217,18
66,18,49,5,23,,primary,sustained_reserve,40,12589318634424385521,9,2,no_candidate_plan_within_declared_model,0.655763509,2,0.271058919,0.812500162,0.664429134,,0.766729571,-1,0,0,503,0.044387438,1,6.995489839,0.623331652,-1.014400396,0.0,35,48,36,evaluation,36,6,0.0,69,1,2,intermittent_observation,3,0,2,4.0,sustained_reserve,0.880743217,18
44,,,,10,,primary,reserve,31,4053438918554722444,10,2,,0.371888474,2,0.259251714,0.828207643,1.187929436,,0.859563301,67,1,0,503,,1,-10.849447677,0.637536813,,,,,,evaluation,,,0.0,47,18,7,intermittent_observation,,,,4.0,reserve,0.997987742,18
63,18,49,5,22,,primary,sustained_reserve,38,4053438918554722444,10,2,no_candidate_plan_within_declared_model,0.554850332,2,0.300267126,0.899820142,0.832347625,,0.781804347,-1,0,0,503,0.054809329,1,2.481765727,0.64809533,-1.192343535,0.0,43,49,36,evaluation,36,5,0.0,66,1,5,intermittent_observation,1,0,4,4.0,sustained_reserve,0.997987742,18
40,,,,7,,primary,reserve,32,17731734540527883231,11,2,,0.434007216,0,0.418528229,0.893436244,0.919534937,,0.952142158,-1,0,0,503,,1,-9.015593244,0.648428074,,,,,,evaluation,,,0.0,43,27,2,intermittent_observation,,,,4.0,reserve,0.978452915,18
64,18,49,5,23,,primary,sustained_reserve,38,17731734540527883231,11,2,no_candidate_plan_within_declared_model,0.629942275,2,0.402740622,0.938228557,0.649257729,,0.808535706,-1,0,0,503,0.106606864,1,-5.685911936,0.656959145,-0.858020952,0.0,37,48,36,evaluation,36,3,0.0,67,1,4,intermittent_observation,2,0,3,4.0,sustained_reserve,0.978452915,18
52,,,,12,,primary,reserve,37,10779228214608787929,12,2,,0.461498242,2,0.0,0.598466161,1.277632381,,0.700955405,63,1,0,503,,1,-10.6575049,0.590414134,,,,,,evaluation,,,0.0,55,16,1,intermittent_observation,,,,4.0,reserve,1.103951062,18
67,18,53,1,23,,primary,sustained_reserve,41,10779228214608787929,12,2,no_candidate_plan_within_declared_model,0.588397526,2,0.0,0.6460992,0.937965755,,0.700491088,70,1,0,503,0.073561015,1,-0.581170319,0.623851323,-1.276053358,0.0,47,53,36,evaluation,36,6,0.0,70,1,1,intermittent_observation,0,0,1,4.0,sustained_reserve,1.103951062,18
51,,,,13,,primary,reserve,35,160552893719091600,13,2,,0.377492999,2,0.251871487,0.69360726,1.35359258,,0.791178017,62,1,0,503,,1,-13.0,0.64171719,,,,,,evaluation,,,0.0,54,15,3,intermittent_observation,,,,4.0,reserve,0.944708408,18
67,18,53,1,23,,primary,sustained_reserve,41,160552893719091600,13,2,no_candidate_plan_within_declared_model,0.524102848,2,0.291218556,0.76324735,0.957036579,,0.760092324,71,1,0,503,0.00667589,1,-4.599597689,0.648210765,-1.349462394,0.0,50,53,36,evaluation,36,4,0.0,70,1,1,intermittent_observation,0,0,1,4.0,sustained_reserve,0.944708408,18
37,,,,3,,primary,reserve,33,11556184036138153309,14,0,,0.52762159,2,0.496859608,0.898583616,0.714534615,,0.982601746,-1,0,0,503,,1,-8.258620232,0.636437486,,,,,,evaluation,,,0.0,40,32,0,intermittent_observation,,,,4.0,reserve,0.996827895,18
66,18,49,5,23,,primary,sustained_reserve,40,11556184036138153309,14,2,no_candidate_plan_within_declared_model,0.763056954,2,0.45845823,0.918100445,0.417339934,,0.795075887,-1,0,0,503,0.037924656,1,11.69373248,0.656993152,-0.71720997,0.0,21,49,36,evaluation,36,6,0.0,69,1,2,intermittent_observation,3,0,2,4.0,sustained_reserve,0.996827895,18
51,,,,14,,primary,reserve,34,17859448831562131230,15,2,,0.330260619,2,0.0,0.51137389,1.71128014,,0.547268039,47,1,0,503,,1,-11.994559015,0.51137389,,,,,,evaluation,,,0.0,54,14,4,intermittent_observation,,,,4.0,reserve,0.961763292,18
67,18,50,4,23,,primary,sustained_reserve,41,17859448831562131230,15,2,no_candidate_plan_within_declared_model,0.558790549,2,0.0,0.648688447,0.936514689,,0.642357481,68,1,0,503,0.043822742,1,-1.029678928,0.611658611,-1.459051594,0.0,44,49,36,evaluation,36,6,0.0,70,1,1,intermittent_observation,3,0,1,4.0,sustained_reserve,0.961763292,18
39,,,,11,,primary,reserve,31,16519582356538312397,0,2,,0.488209146,2,0.400070162,0.796113057,0.896553351,,0.906433171,-1,0,0,607,,1,-10.168529006,0.650279871,,,,,,evaluation,,,0.0,42,23,7,intermittent_observation,,,,4.0,reserve,0.968238088,18
67,18,53,1,23,,primary,sustained_reserve,41,16519582356538312397,0,2,no_candidate_plan_within_declared_model,0.653325132,2,0.434919272,0.886482104,0.639742083,,0.796599924,-1,0,0,607,0.046278308,1,-2.842452258,0.650750519,-0.801071367,0.0,42,53,36,evaluation,36,4,0.0,70,1,1,intermittent_observation,0,0,1,4.0,sustained_reserve,0.968238088,18
23,,,,0,,primary,reserve,21,15014598973633559170,1,2,,0.514423594,0,0.358967016,0.693246558,0.827462631,,0.870698121,-1,0,0,607,,1,-13.0,0.586101509,,,,,,evaluation,,,0.1288,26,36,10,intermittent_observation,,,,3.8712,reserve,1.005950372,18
66,18,50,4,23,,primary,sustained_reserve,40,15014598973633559170,1,2,no_candidate_plan_within_declared_model,0.78060778,2,0.385653486,0.842159881,0.401902369,,0.751702172,-1,0,0,607,0.052698703,1,3.245996519,0.643368905,-0.657441305,0.0,24,50,36,evaluation,36,3,0.0,69,1,2,intermittent_observation,2,0,2,4.0,sustained_reserve,1.005950372,18
39,,,,10,,primary,reserve,26,14352298113746820703,2,2,,0.281986516,2,0.170899355,0.648075819,1.522434486,,0.80597386,56,1,0,607,,1,-13.0,0.565241787,,,,,,evaluation,,,0.0,42,13,17,intermittent_observation,,,,4.0,reserve,0.962696493,18
67,18,53,1,23,,primary,sustained_reserve,41,14352298113746820703,2,2,no_candidate_plan_within_declared_model,0.513968576,2,0.302228568,0.794716642,0.879055018,,0.78871239,-1,0,0,607,0.047715653,1,1.043610502,0.64372905,-1.066621885,0.0,43,53,36,evaluation,36,7,0.0,70,1,1,intermittent_observation,0,0,1,4.0,sustained_reserve,0.962696493,18
48,,,,9,,primary,reserve,36,4632938823472088820,3,2,,0.310649861,2,0.245483844,0.782955018,1.345723012,,0.842118115,64,1,0,607,,1,-13.0,0.625381719,,,,,,evaluation,,,0.0,51,21,0,intermittent_observation,,,,4.0,reserve,1.020617821,18
67,18,53,1,23,,primary,sustained_reserve,41,4632938823472088820,3,2,no_candidate_plan_within_declared_model,0.48899316,2,0.25260178,0.841717969,0.963814422,,0.758502035,-1,0,0,607,0.020287913,1,0.850228667,0.648294325,-1.16293529,0.0,44,53,36,evaluation,36,2,0.0,70,1,1,intermittent_observation,0,0,1,4.0,sustained_reserve,1.020617821,18
37,,,,2,,primary,reserve,32,2287919376212702517,4,2,,0.498558508,2,0.283145571,0.676757724,0.898610273,,0.853734784,-1,0,0,607,,1,-12.945803184,0.617056715,,,,,,evaluation,,,0.0,40,32,0,intermittent_observation,,,,4.0,reserve,1.049919937,18
64,18,49,5,23,,primary,sustained_reserve,38,2287919376212702517,4,2,no_candidate_plan_within_declared_model,0.662220806,2,0.257349775,0.774764175,0.641772708,,0.764879858,-1,0,0,607,0.038045746,1,-2.572530872,0.629695008,-0.793499022,0.0,39,49,36,evaluation,36,2,0.0,67,1,4,intermittent_observation,2,0,3,4.0,sustained_reserve,1.049919937,18
30,,,,6,,primary,reserve,24,12382382542312678492,5,2,,0.561144876,2,0.457467507,0.777205764,0.717728858,,0.947620778,-1,0,0,607,,1,-3.843622678,0.620405634,,,,,,evaluation,,,0.0,33,26,13,intermittent_observation,,,,4.0,reserve,0.978622796,18
67,18,51,3,23,,primary,sustained_reserve,41,12382382542312678492,5,2,no_candidate_plan_within_declared_model,0.755419046,2,0.461582469,0.893846599,0.434626632,,0.819304201,-1,0,0,607,0.027381301,1,3.880959443,0.656523243,-0.886729503,0.0,29,50,36,evaluation,36,7,0.0,70,1,1,intermittent_observation,2,0,1,4.0,sustained_reserve,0.978622796,18
30,,,,1,,primary,reserve,30,4428411888319307125,6,0,,0.598300871,0,0.672527308,0.986794611,0.577598798,,0.995716325,-1,0,0,607,,1,-3.736810985,0.671635433,,,,,,evaluation,,,0.0,33,39,0,intermittent_observation,,,,4.0,reserve,0.956763566,18
67,18,53,1,23,,primary,sustained_reserve,41,4428411888319307125,6,2,no_candidate_plan_within_declared_model,0.775771693,2,0.593674612,0.963196881,0.366660462,,0.830803129,-1,0,0,607,0.077135224,1,-3.714991435,0.671635433,-0.617197808,0.0,24,53,36,evaluation,36,6,0.0,70,1,1,intermittent_observation,0,0,1,4.0,sustained_reserve,0.956763566,18
34,,,,5,,primary,reserve,30,3523441179529093915,7,2,,0.561999237,0,0.564590419,0.991263004,0.720872349,,0.969245001,-1,0,0,607,,1,-9.589836364,0.668631871,,,,,,evaluation,,,0.0,37,28,7,intermittent_observation,,,,4.0,reserve,1.041732553,18
66,18,52,2,23,,primary,sustained_reserve,40,3523441179529093915,7,2,no_candidate_plan_within_declared_model,0.726927995,2,0.511579022,0.95049206,0.479449187,,0.833515038,-1,0,0,607,0.047466267,1,-2.501266393,0.6704486,-0.691280412,0.0,38,52,36,evaluation,36,3,0.0,69,1,2,intermittent_observation,0,0,2,4.0,sustained_reserve,1.041732553,18
50,,,,12,,primary,reserve,35,17695181745786663424,8,2,,0.343702681,2,0.336188897,0.799832525,1.292395306,,0.86532668,64,1,0,607,,1,-13.0,0.637553006,,,,,,evaluation,,,0.0,53,17,2,intermittent_observation,,,,4.0,reserve,0.949877735,18
64,18,49,5,23,,primary,sustained_reserve,38,17695181745786663424,8,2,no_candidate_plan_within_declared_model,0.461369355,2,0.318591742,0.843404001,1.007908477,,0.772724131,70,1,0,607,0.074361357,1,-7.167574619,0.647924077,-1.165697063,0.0,47,49,36,evaluation,36,4,0.0,67,1,4,intermittent_observation,2,0,3,4.0,sustained_reserve,0.949877735,18
60,,,,18,,primary,reserve,39,14721617548725135238,9,2,,0.342004066,2,0.0,0.450409655,1.721126488,,0.379344586,50,1,0,607,,1,-7.0,0.450409655,,,,,,evaluation,,,0.0,63,9,0,intermittent_observation,,,,4.0,reserve,0.967142255,18
64,18,50,4,23,,primary,sustained_reserve,38,14721617548725135238,9,2,no_candidate_plan_within_declared_model,0.497932834,2,0.0,0.562997566,1.271299641,,0.485572362,61,1,0,607,0.043817088,1,-1.430638177,0.562997566,-1.85010211,0.0,46,50,36,evaluation,36,5,0.0,67,1,4,intermittent_observation,1,0,3,4.0,sustained_reserve,0.967142255,18
36,,,,12,,primary,reserve,27,17510369190986973238,10,2,,0.638738161,2,0.526837151,0.883324368,0.653795409,,0.901245791,-1,0,0,607,,1,-5.474551617,0.657012519,,,,,,evaluation,,,0.0,39,20,13,intermittent_observation,,,,4.0,reserve,1.040265661,18
67,18,53,1,23,,primary,sustained_reserve,41,17510369190986973238,10,2,no_candidate_plan_within_declared_model,0.761639613,2,0.525059649,0.949733505,0.468777057,,0.793177707,-1,0,0,607,0.053691434,1,-4.11333959,0.658795768,-0.885900614,0.0,40,53,36,evaluation,36,6,0.0,70,1,1,intermittent_observation,0,0,1,4.0,sustained_reserve,1.040265661,18
47,,,,9,,primary,reserve,35,6576852216492918907,11,2,,0.542682687,2,0.176837032,0.687193136,0.818244218,,0.793812071,-1,0,0,607,,1,-6.404532458,0.595668094,,,,,,evaluation,,,0.0,50,21,1,intermittent_observation,,,,4.0,reserve,1.03851423,18
67,18,49,5,23,,primary,sustained_reserve,41,6576852216492918907,11,2,no_candidate_plan_within_declared_model,0.632596946,2,0.132961569,0.743950387,0.675132778,,0.716380041,-1,0,0,607,0.081720237,1,-3.876634747,0.616548679,-0.897065162,0.0,44,49,36,evaluation,36,7,0.0,70,1,1,intermittent_observation,4,0,1,4.0,sustained_reserve,1.03851423,18
28,,,,6,,primary,reserve,25,14214392750224757803,12,2,,0.578417516,0,0.313555393,0.764091895,0.673793211,,0.906570394,-1,0,0,607,,1,-8.21346402,0.639654674,,,,,,evaluation,,,0.0,31,25,16,intermittent_observation,,,,4.0,reserve,1.06525873,18
67,18,51,3,23,,primary,sustained_reserve,41,14214392750224757803,12,2,no_candidate_plan_within_declared_model,0.732959219,2,0.304137036,0.859081751,0.460885765,,0.786334744,-1,0,0,607,0.042331913,1,-2.607925414,0.651373721,-0.827469078,0.0,38,50,36,evaluation,36,6,0.0,70,1,1,intermittent_observation,2,0,1,4.0,sustained_reserve,1.06525873,18
26,,,,5,,primary,reserve,22,17711000375883169700,13,2,,0.461819347,0,0.471073924,0.679813376,0.871512629,,0.934202175,-1,0,0,607,,1,-10.921286461,0.586628193,,,,,,evaluation,,,0.0,29,24,19,intermittent_observation,,,,4.0,reserve,1.018857442,18
66,18,50,4,23,,primary,sustained_reserve,40,17711000375883169700,13,2,no_candidate_plan_within_declared_model,0.755904391,2,0.555998246,0.849552869,0.431775063,,0.822677164,-1,0,0,607,0.042672842,1,5.096131748,0.662575618,-0.403169147,0.0,24,48,36,evaluation,36,6,0.0,69,1,2,intermittent_observation,2,0,2,4.0,sustained_reserve,1.018857442,18
46,,,,14,,primary,reserve,29,9089680143257946982,14,2,,0.476911902,2,0.357137457,0.840050987,0.972371189,,0.890023695,71,1,0,607,,1,-7.275698566,0.657634139,,,,,,evaluation,,,0.0,49,15,8,intermittent_observation,,,,4.0,reserve,0.955797969,18
67,18,51,3,23,,primary,sustained_reserve,41,9089680143257946982,14,2,no_candidate_plan_within_declared_model,0.572302899,2,0.361282707,0.902092194,0.836230172,,0.79722153,-1,0,0,607,0.063282622,1,-3.27164225,0.658380436,-1.028512927,0.0,50,51,36,evaluation,36,8,0.0,70,1,1,intermittent_observation,2,0,1,4.0,sustained_reserve,0.955797969,18
37,,,,7,,primary,reserve,33,8841990479080573860,15,2,,0.421819158,0,0.387002749,0.896101054,0.928657629,,0.939322567,-1,0,0,607,,1,-7.142523426,0.631071118,,,,,,evaluation,,,0.0,40,30,2,intermittent_observation,,,,4.0,reserve,0.998890243,18
64,18,49,5,23,,primary,sustained_reserve,38,8841990479080573860,15,2,no_candidate_plan_within_declared_model,0.569977348,2,0.326117069,0.91908025,0.748527016,,0.801439282,-1,0,0,607,0.08366173,1,1.781166011,0.64870343,-0.800515515,0.0,37,48,36,evaluation,36,3,0.0,67,1,4,intermittent_observation,2,0,3,4.0,sustained_reserve,0.998890243,18
69,,,,0,,primary,reserve,0,9739973216299283601,0,2,,0.0,2,0.182795273,0.569392482,2.630763699,,0.154425971,34,1,0,401,,0,,0.569392482,,,,,,evaluation,,,4.0,72,0,0,zero_actuator_capacity,,,,0.0,reserve,1.085376579,0
69,0,72,0,0,,primary,sustained_reserve,0,9739973216299283601,0,2,no_candidate_plan_within_declared_model,0.0,2,0.182795273,0.569392482,2.630763699,,0.154425971,34,1,0,401,0.045789256,0,,0.569392482,-3.279638013,4.0,70,72,0,evaluation,71,8,4.0,72,0,0,zero_actuator_capacity,0,0,0,0.0,sustained_reserve,1.085376579,0
69,,,,0,,primary,reserve,0,497360197865448171,1,2,,0.0,2,0.0,0.296664242,2.949717033,,0.0,31,1,0,401,,0,,0.296664242,,,,,,evaluation,,,4.0,72,0,0,zero_actuator_capacity,,,,0.0,reserve,1.095106971,0
69,0,72,0,0,,primary,sustained_reserve,0,497360197865448171,1,2,no_candidate_plan_within_declared_model,0.0,2,0.0,0.296664242,2.949717033,,0.0,31,1,0,401,0.080181795,0,,0.296664242,-3.621396107,4.0,69,72,0,evaluation,71,13,4.0,72,0,0,zero_actuator_capacity,0,0,0,0.0,sustained_reserve,1.095106971,0
69,,,,0,,primary,reserve,0,15804009067095553024,2,2,,0.0,2,0.119839306,0.545597019,2.648998712,,0.150793366,33,1,0,401,,0,,0.545597019,,,,,,evaluation,,,4.0,72,0,0,zero_actuator_capacity,,,,0.0,reserve,0.991186596,0
69,0,71,1,0,,primary,sustained_reserve,0,15804009067095553024,2,2,no_candidate_plan_within_declared_model,0.0,2,0.119839306,0.545597019,2.648998712,,0.150793366,33,1,0,401,0.064364887,0,,0.545597019,-3.191478954,4.0,68,71,0,evaluation,71,14,4.0,72,0,0,zero_actuator_capacity,1,0,0,0.0,sustained_reserve,0.991186596,0
69,,,,0,,primary,reserve,0,14732801067571324980,3,2,,0.0,2,0.0,0.466018125,2.711323268,,0.01090158,35,1,0,401,,0,,0.466018125,,,,,,evaluation,,,4.0,72,0,0,zero_actuator_capacity,,,,0.0,reserve,1.09696195,0
69,0,72,0,0,,primary,sustained_reserve,0,14732801067571324980,3,2,no_candidate_plan_within_declared_model,0.0,2,0.0,0.466018125,2.711323268,,0.01090158,35,1,0,401,0.054552642,0,,0.466018125,-3.427216044,4.0,70,72,0,evaluation,71,14,4.0,72,0,0,zero_actuator_capacity,0,0,0,0.0,sustained_reserve,1.09696195,0
69,,,,0,,primary,reserve,0,10355017696138457399,4,2,,0.0,2,0.0,0.475078961,2.786955859,,0.044284046,31,1,0,401,,0,,0.475078961,,,,,,evaluation,,,4.0,72,0,0,zero_actuator_capacity,,,,0.0,reserve,0.941465469,0
69,0,72,0,0,,primary,sustained_reserve,0,10355017696138457399,4,2,no_candidate_plan_within_declared_model,0.0,2,0.0,0.475078961,2.786955859,,0.044284046,31,1,0,401,0.059275474,0,,0.475078961,-3.628174648,4.0,66,72,0,evaluation,71,13,4.0,72,0,0,zero_actuator_capacity,0,0,0,0.0,sustained_reserve,0.941465469,0
69,,,,0,,primary,reserve,0,13382216273069640739,5,2,,0.0,2,0.0,0.374591708,3.154987043,,0.0,27,1,0,401,,0,,0.374591708,,,,,,evaluation,,,4.0,72,0,0,zero_actuator_capacity,,,,0.0,reserve,1.000877588,0
69,0,72,0,0,,primary,sustained_reserve,0,13382216273069640739,5,2,no_candidate_plan_within_declared_model,0.0,2,0.0,0.374591708,3.154987043,,0.0,27,1,0,401,0.070942324,0,,0.374591708,-4.037679663,4.0,68,72,0,evaluation,71,11,4.0,72,0,0,zero_actuator_capacity,0,0,0,0.0,sustained_reserve,1.000877588,0
69,,,,0,,primary,reserve,0,8312166938144218161,6,2,,0.0,2,0.134467869,0.542999659,2.648993482,,0.153061601,36,1,0,401,,0,,0.542999659,,,,,,evaluation,,,4.0,72,0,0,zero_actuator_capacity,,,,0.0,reserve,1.093848442,0
69,0,72,0,0,,primary,sustained_reserve,0,8312166938144218161,6,2,no_candidate_plan_within_declared_model,0.0,2,0.134467869,0.542999659,2.648993482,,0.153061601,36,1,0,401,0.088085932,0,,0.542999659,-3.347976034,4.0,67,72,0,evaluation,71,15,4.0,72,0,0,zero_actuator_capacity,0,0,0,0.0,sustained_reserve,1.093848442,0
69,,,,0,,primary,reserve,0,3962705183372991719,7,2,,0.0,2,0.0,0.444493381,2.589493296,,0.0,38,1,0,401,,0,,0.444286602,,,,,,evaluation,,,4.0,72,0,0,zero_actuator_capacity,,,,0.0,reserve,1.077043482,0
69,0,71,1,0,,primary,sustained_reserve,0,3962705183372991719,7,2,no_candidate_plan_within_declared_model,0.0,2,0.0,0.444493381,2.589493296,,0.0,38,1,0,401,0.102246054,0,,0.444286602,-3.340777012,4.0,65,71,0,evaluation,71,16,4.0,72,0,0,zero_actuator_capacity,1,0,0,0.0,sustained_reserve,1.077043482,0
69,,,,0,,primary,reserve,0,466494984581002872,8,2,,0.0,2,0.024195671,0.500316646,2.889243709,,0.068435106,32,1,0,401,,0,,0.500316646,,,,,,evaluation,,,4.0,72,0,0,zero_actuator_capacity,,,,0.0,reserve,1.030349678,0
69,0,72,0,0,,primary,sustained_reserve,0,466494984581002872,8,2,no_candidate_plan_within_declared_model,0.0,2,0.024195671,0.500316646,2.889243709,,0.068435106,32,1,0,401,0.036393099,0,,0.500316646,-3.43893243,4.0,67,72,0,evaluation,71,10,4.0,72,0,0,zero_actuator_capacity,0,0,0,0.0,sustained_reserve,1.030349678,0
69,,,,0,,primary,reserve,0,688483036858962540,9,2,,0.0,2,0.0,0.452735626,2.862303971,,0.0,30,1,0,401,,0,,0.452735626,,,,,,evaluation,,,4.0,72,0,0,zero_actuator_capacity,,,,0.0,reserve,0.956910535,0
69,0,72,0,0,,primary,sustained_reserve,0,688483036858962540,9,2,no_candidate_plan_within_declared_model,0.0,2,0.0,0.452735626,2.862303971,,0.0,30,1,0,401,0.067320846,0,,0.452735626,-3.784961426,4.0,70,72,0,evaluation,71,15,4.0,72,0,0,zero_actuator_capacity,0,0,0,0.0,sustained_reserve,0.956910535,0
69,,,,0,,primary,reserve,0,14845051279084890245,10,2,,0.0,2,0.121708055,0.54529443,2.919572108,,0.128983067,25,1,0,401,,0,,0.54529443,,,,,,evaluation,,,4.0,72,0,0,zero_actuator_capacity,,,,0.0,reserve,0.88990451,0
69,0,72,0,0,,primary,sustained_reserve,0,14845051279084890245,10,2,no_candidate_plan_within_declared_model,0.0,2,0.121708055,0.54529443,2.919572108,,0.128983067,25,1,0,401,0.060463728,0,,0.54529443,-3.938972531,4.0,70,72,0,evaluation,71,15,4.0,72,0,0,zero_actuator_capacity,0,0,0,0.0,sustained_reserve,0.88990451,0
69,,,,0,,primary,reserve,0,15323987392304269192,11,2,,0.0,2,0.06478786,0.514276585,2.596966664,,0.062074312,37,1,0,401,,0,,0.514276585,,,,,,evaluation,,,4.0,72,0,0,zero_actuator_capacity,,,,0.0,reserve,1.080590093,0
69,0,72,0,0,,primary,sustained_reserve,0,15323987392304269192,11,2,no_candidate_plan_within_declared_model,0.0,2,0.06478786,0.514276585,2.596966664,,0.062074312,37,1,0,401,0.06327096,0,,0.514276585,-3.162515115,4.0,70,72,0,evaluation,71,11,4.0,72,0,0,zero_actuator_capacity,0,0,0,0.0,sustained_reserve,1.080590093,0
69,,,,0,,primary,reserve,0,10183718752960407178,12,2,,0.0,2,0.145184168,0.543424252,2.73936083,,0.13082075,31,1,0,401,,0,,0.543424252,,,,,,evaluation,,,4.0,72,0,0,zero_actuator_capacity,,,,0.0,reserve,0.936249816,0
69,0,71,1,0,,primary,sustained_reserve,0,10183718752960407178,12,2,no_candidate_plan_within_declared_model,0.0,2,0.145184168,0.543424252,2.73936083,,0.13082075,31,1,0,401,0.061118489,0,,0.543424252,-3.293891025,4.0,68,71,0,evaluation,71,11,4.0,72,0,0,zero_actuator_capacity,1,0,0,0.0,sustained_reserve,0.936249816,0
69,,,,0,,primary,reserve,0,3094801267066550008,13,2,,0.0,2,0.0,0.47127776,2.932097377,,0.025402334,28,1,0,401,,0,,0.47127776,,,,,,evaluation,,,4.0,72,0,0,zero_actuator_capacity,,,,0.0,reserve,0.948726068,0
69,0,72,0,0,,primary,sustained_reserve,0,3094801267066550008,13,2,no_candidate_plan_within_declared_model,0.0,2,0.0,0.47127776,2.932097377,,0.025402334,28,1,0,401,0.060046769,0,,0.47127776,-3.73672251,4.0,69,72,0,evaluation,71,14,4.0,72,0,0,zero_actuator_capacity,0,0,0,0.0,sustained_reserve,0.948726068,0
69,,,,0,,primary,reserve,0,11517108206777865013,14,2,,0.0,2,0.0,0.266393632,3.033580042,,0.0,29,1,0,401,,0,,0.266393632,,,,,,evaluation,,,4.0,72,0,0,zero_actuator_capacity,,,,0.0,reserve,0.944440005,0
69,0,71,1,0,,primary,sustained_reserve,0,11517108206777865013,14,2,no_candidate_plan_within_declared_model,0.0,2,0.0,0.266393632,3.033580042,,0.0,29,1,0,401,0.059089847,0,,0.266393632,-3.485388922,4.0,66,71,0,evaluation,71,16,4.0,72,0,0,zero_actuator_capacity,1,0,0,0.0,sustained_reserve,0.944440005,0
69,,,,0,,primary,reserve,0,18309698995908524757,15,2,,0.0,2,0.0,0.403243042,2.784515718,,0.0,35,1,0,401,,0,,0.403243042,,,,,,evaluation,,,4.0,72,0,0,zero_actuator_capacity,,,,0.0,reserve,1.115839898,0
69,0,72,0,0,,primary,sustained_reserve,0,18309698995908524757,15,2,no_candidate_plan_within_declared_model,0.0,2,0.0,0.403243042,2.784515718,,0.0,35,1,0,401,0.072871189,0,,0.403243042,-3.516742748,4.0,69,72,0,evaluation,71,10,4.0,72,0,0,zero_actuator_capacity,0,0,0,0.0,sustained_reserve,1.115839898,0
69,,,,0,,primary,reserve,0,14507246535438184655,0,2,,0.0,2,0.0,0.456578085,2.948860142,,0.0,29,1,0,503,,0,,0.456578085,,,,,,evaluation,,,4.0,72,0,0,zero_actuator_capacity,,,,0.0,reserve,0.995031341,0
69,0,72,0,0,,primary,sustained_reserve,0,14507246535438184655,0,2,no_candidate_plan_within_declared_model,0.0,2,0.0,0.456578085,2.948860142,,0.0,29,1,0,503,0.103992071,0,,0.456578085,-3.947220403,4.0,69,72,0,evaluation,71,11,4.0,72,0,0,zero_actuator_capacity,0,0,0,0.0,sustained_reserve,0.995031341,0
69,,,,0,,primary,reserve,0,7502164766355850473,1,2,,0.0,2,0.121736353,0.547658343,2.723767319,,0.142889,30,1,0,503,,0,,0.547658343,,,,,,evaluation,,,4.0,72,0,0,zero_actuator_capacity,,,,0.0,reserve,0.917809527,0
69,0,72,0,0,,primary,sustained_reserve,0,7502164766355850473,1,2,no_candidate_plan_within_declared_model,0.0,2,0.121736353,0.547658343,2.723767319,,0.142889,30,1,0,503,0.067316547,0,,0.547658343,-3.263925938,4.0,69,72,0,evaluation,71,12,4.0,72,0,0,zero_actuator_capacity,0,0,0,0.0,sustained_reserve,0.917809527,0
69,,,,0,,primary,reserve,0,1392972506535981944,2,2,,0.0,2,0.0,0.416342483,2.856397769,,0.0,28,1,0,503,,0,,0.416342483,,,,,,evaluation,,,4.0,72,0,0,zero_actuator_capacity,,,,0.0,reserve,0.892003597,0
69,0,71,1,0,,primary,sustained_reserve,0,1392972506535981944,2,2,no_candidate_plan_within_declared_model,0.0,2,0.0,0.416342483,2.856397769,,0.0,28,1,0,503,0.079332019,0,,0.416342483,-3.531073694,4.0,67,71,0,evaluation,71,14,4.0,72,0,0,zero_actuator_capacity,1,0,0,0.0,sustained_reserve,0.892003597,0
69,,,,0,,primary,reserve,0,16650437693641795717,3,2,,0.0,2,0.0,0.253248494,2.670465235,,0.0,33,1,0,503,,0,,0.253248494,,,,,,evaluation,,,4.0,72,0,0,zero_actuator_capacity,,,,0.0,reserve,1.104189257,0
69,0,72,0,0,,primary,sustained_reserve,0,16650437693641795717,3,2,no_candidate_plan_within_declared_model,0.0,2,0.0,0.253248494,2.670465235,,0.0,33,1,0,503,0.082399753,0,,0.253248494,-3.125168569,4.0,67,72,0,evaluation,71,10,4.0,72,0,0,zero_actuator_capacity,0,0,0,0.0,sustained_reserve,1.104189257,0
69,,,,0,,primary,reserve,0,15260285073911315825,4,2,,0.0,2,0.0,0.413339949,2.819260865,,0.0,31,1,0,503,,0,,0.413339949,,,,,,evaluation,,,4.0,72,0,0,zero_actuator_capacity,,,,0.0,reserve,1.010323814,0
69,0,72,0,0,,primary,sustained_reserve,0,15260285073911315825,4,2,no_candidate_plan_within_declared_model,0.0,2,0.0,0.413339949,2.819260865,,0.0,31,1,0,503,0.065816056,0,,0.413339949,-3.582918298,4.0,70,72,0,evaluation,71,11,4.0,72,0,0,zero_actuator_capacity,0,0,0,0.0,sustained_reserve,1.010323814,0
69,,,,0,,primary,reserve,0,9033986013164043777,5,2,,0.0,2,0.0,0.202991267,3.155338292,,0.0,28,1,0,503,,0,,0.202991267,,,,,,evaluation,,,4.0,72,0,0,zero_actuator_capacity,,,,0.0,reserve,1.011195509,0
69,0,72,0,0,,primary,sustained_reserve,0,9033986013164043777,5,2,no_candidate_plan_within_declared_model,0.0,2,0.0,0.202991267,3.155338292,,0.0,28,1,0,503,0.108656162,0,,0.202991267,-4.089485792,4.0,66,72,0,evaluation,71,13,4.0,72,0,0,zero_actuator_capacity,0,0,0,0.0,sustained_reserve,1.011195509,0
69,,,,0,,primary,reserve,0,11635626335846214484,6,2,,0.0,2,0.0,0.468572778,2.762222333,,0.103993753,33,1,0,503,,0,,0.468572778,,,,,,evaluation,,,4.0,72,0,0,zero_actuator_capacity,,,,0.0,reserve,1.016079949,0
69,0,72,0,0,,primary,sustained_reserve,0,11635626335846214484,6,2,no_candidate_plan_within_declared_model,0.0,2,0.0,0.468572778,2.762222333,,0.103993753,33,1,0,503,0.146294023,0,,0.468572778,-3.803638111,4.0,69,72,0,evaluation,71,12,4.0,72,0,0,zero_actuator_capacity,0,0,0,0.0,sustained_reserve,1.016079949,0
69,,,,0,,primary,reserve,0,13525149703185477343,7,2,,0.0,2,0.0,0.0,3.093485147,,0.0,24,1,1,503,,0,,0.0,,,,,,evaluation,,,4.0,72,0,0,zero_actuator_capacity,,,,0.0,reserve,1.07806954,0
69,0,72,0,0,,primary,sustained_reserve,0,13525149703185477343,7,2,no_candidate_plan_within_declared_model,0.0,2,0.0,0.0,3.093485147,,0.0,24,1,1,503,0.06852341,0,,0.0,-3.750143414,4.0,68,72,0,evaluation,71,10,4.0,72,0,0,zero_actuator_capacity,0,0,0,0.0,sustained_reserve,1.07806954,0
69,,,,0,,primary,reserve,0,17705892780363619842,8,2,,0.0,2,0.0,0.473875255,2.973232109,,0.052605013,30,1,0,503,,0,,0.473875255,,,,,,evaluation,,,4.0,72,0,0,zero_actuator_capacity,,,,0.0,reserve,1.043164934,0
69,0,72,0,0,,primary,sustained_reserve,0,17705892780363619842,8,2,no_candidate_plan_within_declared_model,0.0,2,0.0,0.473875255,2.973232109,,0.052605013,30,1,0,503,0.070443882,0,,0.473875255,-3.407876842,4.0,70,72,0,evaluation,71,8,4.0,72,0,0,zero_actuator_capacity,0,0,0,0.0,sustained_reserve,1.043164934,0
69,,,,0,,primary,reserve,0,12589318634424385521,9,2,,0.0,2,0.0,0.323919501,3.008615514,,0.0,25,1,0,503,,0,,0.323919501,,,,,,evaluation,,,4.0,72,0,0,zero_actuator_capacity,,,,0.0,reserve,0.880743217,0
69,0,71,1,0,,primary,sustained_reserve,0,12589318634424385521,9,2,no_candidate_plan_within_declared_model,0.0,2,0.0,0.323919501,3.008615514,,0.0,25,1,0,503,0.102127132,0,,0.323919501,-3.937189053,4.0,67,71,0,evaluation,71,14,4.0,72,0,0,zero_actuator_capacity,1,0,0,0.0,sustained_reserve,0.880743217,0
69,,,,0,,primary,reserve,0,4053438918554722444,10,2,,0.0,2,0.0,0.411295782,3.050341013,,0.0,28,1,0,503,,0,,0.411295782,,,,,,evaluation,,,4.0,72,0,0,zero_actuator_capacity,,,,0.0,reserve,0.997987742,0
69,0,72,0,0,,primary,sustained_reserve,0,4053438918554722444,10,2,no_candidate_plan_within_declared_model,0.0,2,0.0,0.411295782,3.050341013,,0.0,28,1,0,503,0.059868329,0,,0.411295782,-3.731923664,4.0,66,72,0,evaluation,71,14,4.0,72,0,0,zero_actuator_capacity,0,0,0,0.0,sustained_reserve,0.997987742,0
69,,,,0,,primary,reserve,0,17731734540527883231,11,2,,0.0,2,0.0,0.443764937,2.939082093,,0.039127506,31,1,0,503,,0,,0.443764937,,,,,,evaluation,,,4.0,72,0,0,zero_actuator_capacity,,,,0.0,reserve,0.978452915,0
69,0,72,0,0,,primary,sustained_reserve,0,17731734540527883231,11,2,no_candidate_plan_within_declared_model,0.0,2,0.0,0.443764937,2.939082093,,0.039127506,31,1,0,503,0.108875072,0,,0.443764937,-3.610394513,4.0,69,72,0,evaluation,71,10,4.0,72,0,0,zero_actuator_capacity,0,0,0,0.0,sustained_reserve,0.978452915,0
69,,,,0,,primary,reserve,0,10779228214608787929,12,2,,0.0,2,0.0,0.256422643,2.935231548,,0.0,33,1,0,503,,0,,0.256422643,,,,,,evaluation,,,4.0,72,0,0,zero_actuator_capacity,,,,0.0,reserve,1.103951062,0
69,0,71,1,0,,primary,sustained_reserve,0,10779228214608787929,12,2,no_candidate_plan_within_declared_model,0.0,2,0.0,0.256422643,2.935231548,,0.0,33,1,0,503,0.088482613,0,,0.256422643,-3.77257735,4.0,70,71,0,evaluation,71,18,4.0,72,0,0,zero_actuator_capacity,1,0,0,0.0,sustained_reserve,1.103951062,0
69,,,,0,,primary,reserve,0,160552893719091600,13,2,,0.0,2,0.0,0.441920106,3.215253906,,0.0,24,1,0,503,,0,,0.441920106,,,,,,evaluation,,,4.0,72,0,0,zero_actuator_capacity,,,,0.0,reserve,0.944708408,0
69,0,72,0,0,,primary,sustained_reserve,0,160552893719091600,13,2,no_candidate_plan_within_declared_model,0.0,2,0.0,0.441920106,3.215253906,,0.0,24,1,0,503,0.038929964,0,,0.441920106,-3.786529294,4.0,71,72,0,evaluation,71,11,4.0,72,0,0,zero_actuator_capacity,0,0,0,0.0,sustained_reserve,0.944708408,0
69,,,,0,,primary,reserve,0,11556184036138153309,14,2,,0.0,2,0.0,0.401630571,2.664335975,,0.006741488,35,1,0,503,,0,,0.401630571,,,,,,evaluation,,,4.0,72,0,0,zero_actuator_capacity,,,,0.0,reserve,0.996827895,0
69,0,72,0,0,,primary,sustained_reserve,0,11556184036138153309,14,2,no_candidate_plan_within_declared_model,0.0,2,0.0,0.401630571,2.664335975,,0.006741488,35,1,0,503,0.0733244,0,,0.401630571,-3.306762129,4.0,67,72,0,evaluation,71,12,4.0,72,0,0,zero_actuator_capacity,0,0,0,0.0,sustained_reserve,0.996827895,0
69,,,,0,,primary,reserve,0,17859448831562131230,15,2,,0.0,2,0.0,0.059607432,3.127442485,,0.0,27,1,1,503,,0,,0.059607432,,,,,,evaluation,,,4.0,72,0,0,zero_actuator_capacity,,,,0.0,reserve,0.961763292,0
69,0,72,0,0,,primary,sustained_reserve,0,17859448831562131230,15,2,no_candidate_plan_within_declared_model,0.0,2,0.0,0.059607432,3.127442485,,0.0,27,1,1,503,0.05715038,0,,0.059607432,-3.933086509,4.0,71,72,0,evaluation,71,14,4.0,72,0,0,zero_actuator_capacity,0,0,0,0.0,sustained_reserve,0.961763292,0
69,,,,0,,primary,reserve,0,16519582356538312397,0,2,,0.0,2,0.0,0.459631692,2.940540854,,0.005398389,29,1,0,607,,0,,0.459631692,,,,,,evaluation,,,4.0,72,0,0,zero_actuator_capacity,,,,0.0,reserve,0.968238088,0
69,0,72,0,0,,primary,sustained_reserve,0,16519582356538312397,0,2,no_candidate_plan_within_declared_model,0.0,2,0.0,0.459631692,2.940540854,,0.005398389,29,1,0,607,0.066018323,0,,0.459631692,-3.674940061,4.0,70,72,0,evaluation,71,13,4.0,72,0,0,zero_actuator_capacity,0,0,0,0.0,sustained_reserve,0.968238088,0
69,,,,0,,primary,reserve,0,15014598973633559170,1,2,,0.0,2,0.0,0.380817801,2.600545345,,0.0,35,1,0,607,,0,,0.380817801,,,,,,evaluation,,,4.0,72,0,0,zero_actuator_capacity,,,,0.0,reserve,1.005950372,0
69,0,72,0,0,,primary,sustained_reserve,0,15014598973633559170,1,2,no_candidate_plan_within_declared_model,0.0,2,0.0,0.380817801,2.600545345,,0.0,35,1,0,607,0.06803353,0,,0.380817801,-3.395528656,4.0,66,72,0,evaluation,71,14,4.0,72,0,0,zero_actuator_capacity,0,0,0,0.0,sustained_reserve,1.005950372,0
69,,,,0,,primary,reserve,0,14352298113746820703,2,2,,0.0,2,0.0,0.411948335,3.090266771,,0.008552418,27,1,0,607,,0,,0.411948335,,,,,,evaluation,,,4.0,72,0,0,zero_actuator_capacity,,,,0.0,reserve,0.962696493,0
69,0,72,0,0,,primary,sustained_reserve,0,14352298113746820703,2,2,no_candidate_plan_within_declared_model,0.0,2,0.0,0.411948335,3.090266771,,0.008552418,27,1,0,607,0.046754184,0,,0.411948335,-4.062887643,4.0,70,72,0,evaluation,71,13,4.0,72,0,0,zero_actuator_capacity,0,0,0,0.0,sustained_reserve,0.962696493,0
69,,,,0,,primary,reserve,0,4632938823472088820,3,2,,0.0,2,0.0,0.402731764,3.16906339,,0.0,26,1,0,607,,0,,0.402731764,,,,,,evaluation,,,4.0,72,0,0,zero_actuator_capacity,,,,0.0,reserve,1.020617821,0
69,0,72,0,0,,primary,sustained_reserve,0,4632938823472088820,3,2,no_candidate_plan_within_declared_model,0.0,2,0.0,0.402731764,3.16906339,,0.0,26,1,0,607,0.066509104,0,,0.402731764,-4.208620903,4.0,71,72,0,evaluation,71,12,4.0,72,0,0,zero_actuator_capacity,0,0,0,0.0,sustained_reserve,1.020617821,0
69,,,,0,,primary,reserve,0,2287919376212702517,4,2,,0.0,2,0.0,0.34718036,2.796967543,,0.0,33,1,0,607,,0,,0.34718036,,,,,,evaluation,,,4.0,72,0,0,zero_actuator_capacity,,,,0.0,reserve,1.049919937,0
69,0,72,0,0,,primary,sustained_reserve,0,2287919376212702517,4,2,no_candidate_plan_within_declared_model,0.0,2,0.0,0.34718036,2.796967543,,0.0,33,1,0,607,0.057336158,0,,0.34718036,-3.545718082,4.0,69,72,0,evaluation,71,11,4.0,72,0,0,zero_actuator_capacity,0,0,0,0.0,sustained_reserve,1.049919937,0
69,,,,0,,primary,reserve,0,12382382542312678492,5,2,,0.0,2,0.0,0.476062211,2.651793291,,0.100207943,34,1,0,607,,0,,0.476062211,,,,,,evaluation,,,4.0,72,0,0,zero_actuator_capacity,,,,0.0,reserve,0.978622796,0
69,0,72,0,0,,primary,sustained_reserve,0,12382382542312678492,5,2,no_candidate_plan_within_declared_model,0.0,2,0.0,0.476062211,2.651793291,,0.100207943,34,1,0,607,0.05456011,0,,0.476062211,-3.58747012,4.0,69,72,0,evaluation,71,16,4.0,72,0,0,zero_actuator_capacity,0,0,0,0.0,sustained_reserve,0.978622796,0
69,,,,0,,primary,reserve,0,4428411888319307125,6,2,,0.0,2,0.115392929,0.540932743,2.604537061,,0.107413479,34,1,0,607,,0,,0.540932743,,,,,,evaluation,,,4.0,72,0,0,zero_actuator_capacity,,,,0.0,reserve,0.956763566,0
69,0,71,1,0,,primary,sustained_reserve,0,4428411888319307125,6,2,no_candidate_plan_within_declared_model,0.0,2,0.115392929,0.540932743,2.604537061,,0.107413479,34,1,0,607,0.108342763,0,,0.540932743,-3.319408853,4.0,68,71,0,evaluation,71,13,4.0,72,0,0,zero_actuator_capacity,1,0,0,0.0,sustained_reserve,0.956763566,0
69,,,,0,,primary,reserve,0,3523441179529093915,7,2,,0.0,2,0.032282972,0.49985427,2.745773105,,0.139561484,33,1,0,607,,0,,0.49985427,,,,,,evaluation,,,4.0,72,0,0,zero_actuator_capacity,,,,0.0,reserve,1.041732553,0
69,0,72,0,0,,primary,sustained_reserve,0,3523441179529093915,7,2,no_candidate_plan_within_declared_model,0.0,2,0.032282972,0.49985427,2.745773105,,0.139561484,33,1,0,607,0.055024111,0,,0.49985427,-3.381130126,4.0,68,72,0,evaluation,71,9,4.0,72,0,0,zero_actuator_capacity,0,0,0,0.0,sustained_reserve,1.041732553,0
69,,,,0,,primary,reserve,0,17695181745786663424,8,2,,0.0,2,0.0,0.425715255,3.177971936,,0.0,26,1,0,607,,0,,0.425715255,,,,,,evaluation,,,4.0,72,0,0,zero_actuator_capacity,,,,0.0,reserve,0.949877735,0
69,0,72,0,0,,primary,sustained_reserve,0,17695181745786663424,8,2,no_candidate_plan_within_declared_model,0.0,2,0.0,0.425715255,3.177971936,,0.0,26,1,0,607,0.071143582,0,,0.425715255,-3.994783987,4.0,70,72,0,evaluation,71,16,4.0,72,0,0,zero_actuator_capacity,0,0,0,0.0,sustained_reserve,0.949877735,0
69,,,,0,,primary,reserve,0,14721617548725135238,9,2,,0.0,2,0.0,0.0,3.254134783,,0.0,21,1,1,607,,0,,0.0,,,,,,evaluation,,,4.0,72,0,0,zero_actuator_capacity,,,,0.0,reserve,0.967142255,0
69,0,72,0,0,,primary,sustained_reserve,0,14721617548725135238,9,2,no_candidate_plan_within_declared_model,0.0,2,0.0,0.0,3.254134783,,0.0,21,1,1,607,0.070962436,0,,0.0,-4.094373573,4.0,68,72,0,evaluation,71,17,4.0,72,0,0,zero_actuator_capacity,0,0,0,0.0,sustained_reserve,0.967142255,0
69,,,,0,,primary,reserve,0,17510369190986973238,10,2,,0.0,2,0.019548238,0.497727997,2.8884666,,0.018724066,30,1,0,607,,0,,0.497727997,,,,,,evaluation,,,4.0,72,0,0,zero_actuator_capacity,,,,0.0,reserve,1.040265661,0
69,0,71,1,0,,primary,sustained_reserve,0,17510369190986973238,10,2,no_candidate_plan_within_declared_model,0.0,2,0.019548238,0.497727997,2.8884666,,0.018724066,30,1,0,607,0.069257649,0,,0.497727997,-3.643734498,4.0,69,71,0,evaluation,71,13,4.0,72,0,0,zero_actuator_capacity,1,0,0,0.0,sustained_reserve,1.040265661,0
69,,,,0,,primary,reserve,0,6576852216492918907,11,2,,0.0,2,0.0,0.268652685,2.879665608,,0.0,31,1,0,607,,0,,0.268652685,,,,,,evaluation,,,4.0,72,0,0,zero_actuator_capacity,,,,0.0,reserve,1.03851423,0
69,0,72,0,0,,primary,sustained_reserve,0,6576852216492918907,11,2,no_candidate_plan_within_declared_model,0.0,2,0.0,0.268652685,2.879665608,,0.0,31,1,0,607,0.098974889,0,,0.268652685,-3.745811121,4.0,70,72,0,evaluation,71,11,4.0,72,0,0,zero_actuator_capacity,0,0,0,0.0,sustained_reserve,1.03851423,0
69,,,,0,,primary,reserve,0,14214392750224757803,12,2,,0.0,2,0.0,0.403400577,2.604996274,,0.0,35,1,0,607,,0,,0.403400577,,,,,,evaluation,,,4.0,72,0,0,zero_actuator_capacity,,,,0.0,reserve,1.06525873,0
69,0,72,0,0,,primary,sustained_reserve,0,14214392750224757803,12,2,no_candidate_plan_within_declared_model,0.0,2,0.0,0.403400577,2.604996274,,0.0,35,1,0,607,0.053796237,0,,0.403400577,-3.283299002,4.0,67,72,0,evaluation,71,15,4.0,72,0,0,zero_actuator_capacity,0,0,0,0.0,sustained_reserve,1.06525873,0
69,,,,0,,primary,reserve,0,17711000375883169700,13,2,,0.0,2,0.137215427,0.550520712,2.790828843,,0.119333055,32,1,0,607,,0,,0.550520712,,,,,,evaluation,,,4.0,72,0,0,zero_actuator_capacity,,,,0.0,reserve,1.018857442,0
69,0,72,0,0,,primary,sustained_reserve,0,17711000375883169700,13,2,no_candidate_plan_within_declared_model,0.0,2,0.137215427,0.550520712,2.790828843,,0.119333055,32,1,0,607,0.049003644,0,,0.550520712,-3.244251555,4.0,67,72,0,evaluation,71,9,4.0,72,0,0,zero_actuator_capacity,0,0,0,0.0,sustained_reserve,1.018857442,0
69,,,,0,,primary,reserve,0,9089680143257946982,14,2,,0.0,2,0.0,0.468948606,3.007093612,,0.002401758,28,1,0,607,,0,,0.468948606,,,,,,evaluation,,,4.0,72,0,0,zero_actuator_capacity,,,,0.0,reserve,0.955797969,0
69,0,72,0,0,,primary,sustained_reserve,0,9089680143257946982,14,2,no_candidate_plan_within_declared_model,0.0,2,0.0,0.468948606,3.007093612,,0.002401758,28,1,0,607,0.065924955,0,,0.468948606,-3.985225082,4.0,69,72,0,evaluation,71,13,4.0,72,0,0,zero_actuator_capacity,0,0,0,0.0,sustained_reserve,0.955797969,0
69,,,,0,,primary,reserve,0,8841990479080573860,15,2,,0.0,2,0.0,0.406171552,2.886388886,,0.030778711,31,1,0,607,,0,,0.406171552,,,,,,evaluation,,,4.0,72,0,0,zero_actuator_capacity,,,,0.0,reserve,0.998890243,0
69,0,72,0,0,,primary,sustained_reserve,0,8841990479080573860,15,2,no_candidate_plan_within_declared_model,0.0,2,0.0,0.406171552,2.886388886,,0.030778711,31,1,0,607,0.08120521,0,,0.406171552,-3.53195722,4.0,68,72,0,evaluation,71,11,4.0,72,0,0,zero_actuator_capacity,0,0,0,0.0,sustained_reserve,0.998890243,0
32,,,,7,threshold,prior_failure_regression,threshold,27,16752247575707099654,42,2,,0.359991407,1,0.381743143,0.812832526,1.00069794,,0.91981953,-1,0,0,307,,0,-13.0,0.612880392,,,,,,evaluation,,,0.0,35,21,16,baseline,,,,4.0,threshold,1.001322976,0
38,,,,9,threshold,prior_failure_regression,threshold_hysteresis,30,16752247575707099654,42,2,,0.373763403,1,0.379637923,0.82924975,0.98516148,,0.910283767,-1,0,0,307,,0,-11.0,0.617219208,,,,,,evaluation,,,0.0,41,20,11,baseline,,,,4.0,threshold_hysteresis,1.001322976,0
25,,,,3,threshold,prior_failure_regression,reserve,19,16752247575707099654,42,2,,0.400360788,2,0.359555636,0.721571244,1.008737281,,0.878427253,71,1,0,307,,0,-13.0,0.633019861,,,,,,evaluation,,,0.0,28,24,20,baseline,,,,4.0,reserve,1.001322976,0
68,0,70,2,23,threshold,prior_failure_regression,sustained_reserve,42,16752247575707099654,42,2,no_candidate_plan_within_declared_model,0.630259133,2,0.429376141,0.898769705,0.640370139,,0.75434152,-1,0,0,307,0.083052307,0,2.893607558,0.649074762,-1.217165738,0.0,47,67,48,evaluation,71,12,0.0,71,0,1,baseline,1,0,1,4.0,sustained_reserve,1.001322976,0
39,,,,7,threshold_hysteresis,prior_failure_regression,threshold,30,4709276392410794590,45,2,,0.365264733,2,0.440217095,0.870965965,1.040538988,,0.946981925,-1,0,0,101,,0,-9.756348901,0.621287156,,,,,,evaluation,,,0.0,42,23,7,common_optimistic_bias,,,,4.0,threshold,1.12880561,0
41,,,,7,threshold_hysteresis,prior_failure_regression,threshold_hysteresis,31,4709276392410794590,45,2,,0.369219615,2,0.442984851,0.876339784,1.034741432,,0.946740956,-1,0,0,101,,0,-9.756348901,0.621287156,,,,,,evaluation,,,0.0,44,23,5,common_optimistic_bias,,,,4.0,threshold_hysteresis,1.12880561,0
30,,,,0,threshold_hysteresis,prior_failure_regression,reserve,26,4709276392410794590,45,2,,0.345899201,2,0.43817593,0.805236049,1.233244363,,0.932968286,65,1,0,101,,0,-12.567978268,0.636098709,,,,,,evaluation,,,0.0298,33,30,9,common_optimistic_bias,,,,3.9702,reserve,1.12880561,0
68,0,66,6,23,threshold_hysteresis,prior_failure_regression,sustained_reserve,42,4709276392410794590,45,2,no_candidate_plan_within_declared_model,0.64174586,2,0.451689749,0.928844905,0.697208144,,0.788026437,-1,0,0,101,0.06079199,0,5.790691985,0.656885463,-0.938132625,0.0,36,65,48,evaluation,71,10,0.0,71,0,1,common_optimistic_bias,5,0,1,4.0,sustained_reserve,1.12880561,0
35,,,,3,threshold_hysteresis,prior_failure_regression,threshold,29,3615085530055339529,56,2,,0.267398655,2,0.407154948,0.905852276,1.701480041,,0.968349866,37,1,0,101,,0,-9.997020094,0.604979807,,,,,,evaluation,,,0.0,38,28,6,common_optimistic_bias,,,,4.0,threshold,1.013319236,0
35,,,,4,threshold_hysteresis,prior_failure_regression,threshold_hysteresis,28,3615085530055339529,56,2,,0.373732362,2,0.386373709,0.893339919,1.002032248,,0.960672133,-1,0,0,101,,0,-9.997020094,0.60967658,,,,,,evaluation,,,0.0,38,26,8,common_optimistic_bias,,,,4.0,threshold_hysteresis,1.013319236,0
31,,,,0,threshold_hysteresis,prior_failure_regression,reserve,28,3615085530055339529,56,2,,0.391893725,0,0.398805182,0.850184029,1.052286113,,0.930036942,70,1,0,101,,0,-7.118261611,0.631876885,,,,,,evaluation,,,0.057,34,37,1,common_optimistic_bias,,,,3.943,reserve,1.013319236,0
67,0,66,6,23,threshold_hysteresis,prior_failure_regression,sustained_reserve,41,3615085530055339529,56,2,no_candidate_plan_within_declared_model,0.683308161,2,0.379909215,0.936995737,0.599598766,,0.803401959,-1,0,0,101,0.061029098,0,8.31906025,0.65206189,-0.787654825,0.0,23,65,48,evaluation,71,8,0.0,70,0,2,common_optimistic_bias,4,0,2,4.0,sustained_reserve,1.013319236,0
42,,,,7,threshold_hysteresis,prior_failure_regression,threshold,32,17911486950316543786,8,2,,0.333470159,2,0.19736535,0.826913954,1.17098416,,0.874524509,70,1,0,211,,0,-9.783813314,0.576993781,,,,,,evaluation,,,0.0,45,22,5,common_optimistic_bias,,,,4.0,threshold,1.121346164,0
42,,,,8,threshold_hysteresis,prior_failure_regression,threshold_hysteresis,31,17911486950316543786,8,2,,0.35092442,2,0.205522916,0.824603427,1.120846937,,0.875332535,-1,0,0,211,,0,-8.224345555,0.584169328,,,,,,evaluation,,,0.0,45,21,6,common_optimistic_bias,,,,4.0,threshold_hysteresis,1.121346164,0
38,,,,5,threshold_hysteresis,prior_failure_regression,reserve,30,17911486950316543786,8,2,,0.32917298,2,0.187221468,0.788350068,1.221585543,,0.856856867,69,1,0,211,,0,-12.010589639,0.610983653,,,,,,evaluation,,,0.0,41,24,7,common_optimistic_bias,,,,4.0,reserve,1.121346164,0
66,0,67,5,23,threshold_hysteresis,prior_failure_regression,sustained_reserve,40,17911486950316543786,8,2,no_candidate_plan_within_declared_model,0.598964631,2,0.26153032,0.885552677,0.780724648,,0.751307133,-1,0,0,211,0.059144812,0,14.078357058,0.637587119,-0.896529508,0.0,36,66,48,evaluation,71,7,0.0,69,0,3,common_optimistic_bias,2,0,3,4.0,sustained_reserve,1.121346164,0
28,,,,6,threshold_hysteresis,prior_failure_regression,threshold,26,6431856881725050588,28,2,,0.390049659,1,0.409478657,0.776160526,1.008173517,,0.944691133,71,1,0,211,,0,-9.198944979,0.615084784,,,,,,evaluation,,,0.0,31,23,18,common_optimistic_bias,,,,4.0,threshold,0.99311112,0
35,,,,8,threshold_hysteresis,prior_failure_regression,threshold_hysteresis,33,6431856881725050588,28,2,,0.416491448,1,0.433118545,0.810872228,0.962486708,,0.943699278,-1,0,0,211,,0,-9.198944979,0.615916943,,,,,,evaluation,,,0.0,38,22,12,common_optimistic_bias,,,,4.0,threshold_hysteresis,0.99311112,0
19,,,,4,threshold_hysteresis,prior_failure_regression,reserve,18,6431856881725050588,28,2,,0.422038481,1,0.379209439,0.676807288,1.013437576,,0.8923681,71,1,0,211,,0,-1.667079633,0.640164854,,,,,,evaluation,,,0.0,22,23,27,common_optimistic_bias,,,,4.0,reserve,0.99311112,0
68,0,71,1,23,threshold_hysteresis,prior_failure_regression,sustained_reserve,42,6431856881725050588,28,2,no_candidate_plan_within_declared_model,0.641237311,2,0.410812795,0.844372001,0.693514072,,0.804875352,-1,0,0,211,0.080581985,0,4.447072079,0.654541874,-0.787515925,0.0,35,71,48,evaluation,71,14,0.0,71,0,1,common_optimistic_bias,0,0,1,4.0,sustained_reserve,0.99311112,0
18,,,,2,threshold_hysteresis,prior_failure_regression,threshold,16,12655701458943762091,61,2,,0.412982445,2,0.365330739,0.763537567,0.925875457,,0.925615247,-1,0,0,211,,0,-8.039996921,0.633336768,,,,,,evaluation,,,0.0,21,23,28,common_optimistic_bias,,,,4.0,threshold,0.95186828,0
26,,,,6,threshold_hysteresis,prior_failure_regression,threshold_hysteresis,26,12655701458943762091,61,1,,0.428594956,1,0.389388009,0.831134533,0.900614358,,0.954472434,-1,0,0,211,,0,-8.039996921,0.633336768,,,,,,evaluation,,,0.0,27,23,22,common_optimistic_bias,,,,4.0,threshold_hysteresis,0.95186828,0
17,,,,0,threshold_hysteresis,prior_failure_regression,reserve,13,12655701458943762091,61,2,,0.396419515,2,0.323467775,0.696874736,1.179288905,,0.838979215,64,1,0,211,,0,-12.032763876,0.63289908,,,,,,evaluation,,,0.3186,20,33,19,common_optimistic_bias,,,,3.6814,reserve,0.95186828,0
66,0,66,6,23,threshold_hysteresis,prior_failure_regression,sustained_reserve,40,12655701458943762091,61,2,no_candidate_plan_within_declared_model,0.709581538,2,0.417818171,0.908855157,0.517666477,,0.801962343,-1,0,0,211,0.079132244,0,4.752658416,0.660697973,-0.570179646,0.0,23,64,48,evaluation,71,9,0.0,69,0,3,common_optimistic_bias,3,0,3,4.0,sustained_reserve,0.95186828,0
32,,,,3,threshold_hysteresis,prior_failure_regression,threshold,26,13785140750904479624,6,2,,0.378680616,2,0.253606844,0.721543405,0.921636908,,0.881753364,-1,0,0,307,,0,-8.618432291,0.555889615,,,,,,evaluation,,,0.0,33,27,12,common_optimistic_bias,,,,4.0,threshold,1.005894832,0
32,,,,6,threshold_hysteresis,prior_failure_regression,threshold_hysteresis,28,13785140750904479624,6,1,,0.412774739,1,0.252926341,0.728441344,0.872835612,,0.875367952,-1,0,0,307,,0,-8.059193421,0.560083628,,,,,,evaluation,,,0.0,32,24,16,common_optimistic_bias,,,,4.0,threshold_hysteresis,1.005894832,0
23,,,,0,threshold_hysteresis,prior_failure_regression,reserve,19,13785140750904479624,6,2,,0.383425156,2,0.227527375,0.609033801,1.08591497,,0.753963017,68,1,0,307,,0,-12.694883934,0.562366888,,,,,,evaluation,,,0.5098,26,37,9,common_optimistic_bias,,,,3.4902,reserve,1.005894832,0
68,0,68,4,23,threshold_hysteresis,prior_failure_regression,sustained_reserve,42,13785140750904479624,6,2,no_candidate_plan_within_declared_model,0.737569778,2,0.391890991,0.842364403,0.438758326,,0.750306326,-1,0,0,307,0.065994664,0,1.99349227,0.644172654,-0.392916914,0.0,20,68,48,evaluation,71,8,0.0,71,0,1,common_optimistic_bias,3,0,1,4.0,sustained_reserve,1.005894832,0
32,,,,5,threshold_hysteresis,prior_failure_regression,threshold,27,10994399983252071043,35,1,,0.379724802,2,0.386973132,0.698797823,1.025618892,,0.922848428,71,1,0,307,,0,-7.532015481,0.582121523,,,,,,evaluation,,,0.0,34,25,13,common_optimistic_bias,,,,4.0,threshold,1.01817964,0
39,,,,6,threshold_hysteresis,prior_failure_regression,threshold_hysteresis,30,10994399983252071043,35,2,,0.386754104,2,0.401773235,0.722242115,1.007008011,,0.936331947,-1,0,0,307,,0,-7.532015481,0.582121523,,,,,,evaluation,,,0.0,42,25,5,common_optimistic_bias,,,,4.0,threshold_hysteresis,1.01817964,0
22,,,,0,threshold_hysteresis,prior_failure_regression,reserve,18,10994399983252071043,35,2,,0.328795821,2,0.343978665,0.593379009,1.413956339,,0.826419347,59,1,0,307,,0,-13.0,0.563871639,,,,,,evaluation,,,0.3192,25,34,13,common_optimistic_bias,,,,3.6808,reserve,1.01817964,0
63,0,66,6,23,threshold_hysteresis,prior_failure_regression,sustained_reserve,37,10994399983252071043,35,2,no_candidate_plan_within_declared_model,0.634025744,2,0.399447058,0.761816034,0.703801863,,0.814370408,-1,0,0,307,0.103133301,0,9.080958088,0.646108079,-0.841262034,0.0,28,66,48,evaluation,71,8,0.0,66,0,6,common_optimistic_bias,0,0,6,4.0,sustained_reserve,1.01817964,0
25,,,,2,threshold_hysteresis,prior_failure_regression,threshold,23,3666429284321146123,36,1,,0.413117533,1,0.46501706,0.917780751,0.893498723,,0.981321205,-1,0,0,307,,0,-7.85259702,0.650229907,,,,,,evaluation,,,0.0,25,27,20,common_optimistic_bias,,,,4.0,threshold,0.981191968,0
31,,,,4,threshold_hysteresis,prior_failure_regression,threshold_hysteresis,27,3666429284321146123,36,1,,0.425574884,2,0.467559825,0.927450893,0.876572771,,0.967775588,-1,0,0,307,,0,-7.38831376,0.650229907,,,,,,evaluation,,,0.0,31,26,15,common_optimistic_bias,,,,4.0,threshold_hysteresis,0.981191968,0
12,,,,0,threshold_hysteresis,prior_failure_regression,reserve,10,3666429284321146123,36,2,,0.396803315,0,0.41236703,0.809628861,1.036367384,,0.887363143,70,1,0,307,,0,-12.708451425,0.656219166,,,,,,evaluation,,,0.2624,15,34,23,common_optimistic_bias,,,,3.7376,reserve,0.981191968,0
68,0,67,5,23,threshold_hysteresis,prior_failure_regression,sustained_reserve,42,3666429284321146123,36,2,no_candidate_plan_within_declared_model,0.731751225,2,0.487463193,0.939953284,0.466680458,,0.785973874,-1,0,0,307,0.044319488,0,7.989071636,0.664988432,-0.47352425,0.0,28,66,48,evaluation,71,12,0.0,71,0,1,common_optimistic_bias,4,0,1,4.0,sustained_reserve,0.981191968,0
27,,,,8,threshold_hysteresis,prior_failure_regression,threshold,25,654844966083634101,39,2,,0.378289653,1,0.468859658,0.980239637,0.951445684,,0.942562056,-1,0,0,307,,0,-6.963912911,0.660893716,,,,,,evaluation,,,0.0,30,20,22,common_optimistic_bias,,,,4.0,threshold,0.992073895,0
33,,,,9,threshold_hysteresis,prior_failure_regression,threshold_hysteresis,32,654844966083634101,39,2,,0.384082377,1,0.468241556,0.979105456,0.943120488,,0.935788552,-1,0,0,307,,0,-6.963912911,0.660893716,,,,,,evaluation,,,0.0,36,20,16,common_optimistic_bias,,,,4.0,threshold_hysteresis,0.992073895,0
28,,,,3,threshold_hysteresis,prior_failure_regression,reserve,22,654844966083634101,39,2,,0.295007586,2,0.473092278,0.993876933,1.493977017,,0.975735927,47,1,0,307,,0,-11.0,0.660893716,,,,,,evaluation,,,0.0,31,25,16,common_optimistic_bias,,,,4.0,reserve,0.992073895,0
68,0,68,4,23,threshold_hysteresis,prior_failure_regression,sustained_reserve,42,654844966083634101,39,2,no_candidate_plan_within_declared_model,0.608576355,2,0.454741767,0.943626273,0.671801682,,0.824137686,-1,0,0,307,0.059884113,0,5.458247205,0.663687635,-0.69818834,0.0,33,67,48,evaluation,71,5,0.0,71,0,1,common_optimistic_bias,3,0,1,4.0,sustained_reserve,0.992073895,0
36,,,,4,threshold_hysteresis,prior_failure_regression,threshold,29,6252679547051884510,54,2,,0.281567441,2,0.53512576,0.891139436,1.607037374,,0.974969015,34,1,0,307,,0,-8.698098524,0.643761265,,,,,,evaluation,,,0.0,39,27,6,common_optimistic_bias,,,,4.0,threshold,0.896447709,0
16,,,,2,threshold_hysteresis,prior_failure_regression,threshold_hysteresis,16,6252679547051884510,54,1,,0.405044194,1,0.510174299,0.814624904,0.851234164,,0.971628448,-1,0,0,307,,0,-8.248062565,0.646255777,,,,,,evaluation,,,0.0,16,24,32,common_optimistic_bias,,,,4.0,threshold_hysteresis,0.896447709,0
29,,,,1,threshold_hysteresis,prior_failure_regression,reserve,25,6252679547051884510,54,2,,0.403092649,2,0.557928072,0.854870818,1.190655839,,1.0,52,1,0,307,,0,-7.041018876,0.658747337,,,,,,evaluation,,,0.0,32,30,10,common_optimistic_bias,,,,4.0,reserve,0.896447709,0
67,0,68,4,23,threshold_hysteresis,prior_failure_regression,sustained_reserve,41,6252679547051884510,54,2,no_candidate_plan_within_declared_model,0.714027468,2,0.528856018,0.949665216,0.450278526,,0.815072677,-1,0,0,307,0.054861742,0,9.181804953,0.666423399,-0.417975811,0.0,22,67,48,evaluation,71,7,0.0,70,0,2,common_optimistic_bias,2,0,2,4.0,sustained_reserve,0.896447709,0
